K,p,binom,exc_eb,exc_kl,exc_pb,exc_pb/binom,exc_eb/binom,exc_kl/binom
2,0.9,2.05851206437525,5.161861626601122,6.843390436445449,6.604093404339846,3.208187855019524,2.5075692855692475,3.32443542832594
2,0.95,2.2395372862119363,5.139195162952182,7.118967708279054,6.521909260282939,2.9121681967235373,2.294757579877078,3.178767217723098
2,0.99,2.240306601885224,5.136611860704699,7.625767107306655,6.6305101632579575,2.9596440762520477,2.2928164637743005,3.403894404850458
8,0.9,2.0691839417205466,4.784966885811041,5.557348695025228,5.4230881621214575,2.6208825869835946,2.3124898610184914,2.685768327780583
8,0.95,2.1689636918325803,4.733050495461415,5.584829753521157,5.37575886829178,2.4784918662007405,2.182171381330229,2.5748839293858694
8,0.99,2.247391300647372,4.782255961156853,5.979983600171545,5.4895167539148595,2.442617247977056,2.127914244297066,2.660855543246511
32,0.9,2.053241561815211,4.434247735497394,4.888691644507513,4.717312691735494,2.297495228747004,2.1596327572763547,2.3809627349378037
32,0.95,2.106503934934473,4.42274546567257,4.942921925937545,4.712127663062006,2.2369422553243825,2.0995666764848213,2.346504957319866
32,0.99,2.2081843126151917,4.427174867934615,5.204734530252704,4.686889830907502,2.12250843561004,2.0048937231563944,2.3570199736129114
