K,p,mult,method,power
2,0.9,0.5,exc_pb,0.0
2,0.9,0.5,exc_eb,0.0
2,0.9,0.5,exc_kl,0.0
2,0.9,0.5,binom,0.24266666666666667
2,0.9,0.5553459719012251,exc_pb,0.0
2,0.9,0.5553459719012251,exc_eb,0.0
2,0.9,0.5553459719012251,exc_kl,0.0
2,0.9,0.5553459719012251,binom,0.2723333333333333
2,0.9,0.6168182970138327,exc_pb,0.0
2,0.9,0.6168182970138327,exc_eb,0.0
2,0.9,0.6168182970138327,exc_kl,0.007333333333333333
2,0.9,0.6168182970138327,binom,0.31733333333333336
2,0.9,0.685095113283211,exc_pb,0.0
2,0.9,0.685095113283211,exc_eb,0.0
2,0.9,0.685095113283211,exc_kl,0.006
2,0.9,0.685095113283211,binom,0.358
2,0.9,0.7609296230620896,exc_pb,0.0
2,0.9,0.7609296230620896,exc_eb,0.0036666666666666666
2,0.9,0.7609296230620896,exc_kl,0.0036666666666666666
2,0.9,0.7609296230620896,binom,0.396
2,0.9,0.8451584021356982,exc_pb,0.0
2,0.9,0.8451584021356982,exc_eb,0.0023333333333333335
2,0.9,0.8451584021356982,exc_kl,0.017666666666666667
2,0.9,0.8451584021356982,binom,0.46066666666666667
2,0.9,0.9387106284890715,exc_pb,0.0
2,0.9,0.9387106284890715,exc_eb,0.001
2,0.9,0.9387106284890715,exc_kl,0.007666666666666666
2,0.9,0.9387106284890715,binom,0.523
2,0.9,1.0426183326245466,exc_pb,0.0
2,0.9,1.0426183326245466,exc_eb,0.005333333333333333
2,0.9,1.0426183326245466,exc_kl,0.019333333333333334
2,0.9,1.0426183326245466,binom,0.568
2,0.9,1.1580277825068275,exc_pb,0.0
2,0.9,1.1580277825068275,exc_eb,0.011666666666666667
2,0.9,1.1580277825068275,exc_kl,0.011666666666666667
2,0.9,1.1580277825068275,binom,0.6316666666666667
2,0.9,1.2862121287297494,exc_pb,0.0003333333333333333
2,0.9,1.2862121287297494,exc_eb,0.013333333333333334
2,0.9,1.2862121287297494,exc_kl,0.013333333333333334
2,0.9,1.2862121287297494,binom,0.6713333333333333
2,0.9,1.4285854494011327,exc_pb,0.0026666666666666666
2,0.9,1.4285854494011327,exc_eb,0.021
2,0.9,1.4285854494011327,exc_kl,0.021
2,0.9,1.4285854494011327,binom,0.738
2,0.9,1.5867183496832413,exc_pb,0.010666666666666666
2,0.9,1.5867183496832413,exc_eb,0.025666666666666667
2,0.9,1.5867183496832413,exc_kl,0.051333333333333335
2,0.9,1.5867183496832413,binom,0.778
2,0.9,1.762355288076695,exc_pb,0.012
2,0.9,1.762355288076695,exc_eb,0.05266666666666667
2,0.9,1.762355288076695,exc_kl,0.05266666666666667
2,0.9,1.762355288076695,binom,0.8236666666666667
2,0.9,1.9574338205844317,exc_pb,0.023
2,0.9,1.9574338205844317,exc_eb,0.094
2,0.9,1.9574338205844317,exc_kl,0.094
2,0.9,1.9574338205844317,binom,0.8843333333333333
2,0.9,2.1741059750495793,exc_pb,0.036333333333333336
2,0.9,2.1741059750495793,exc_eb,0.12366666666666666
2,0.9,2.1741059750495793,exc_kl,0.07133333333333333
2,0.9,2.1741059750495793,binom,0.917
2,0.9,2.414761991460339,exc_pb,0.09933333333333333
2,0.9,2.414761991460339,exc_eb,0.22433333333333333
2,0.9,2.414761991460339,exc_kl,0.15333333333333332
2,0.9,2.414761991460339,binom,0.945
2,0.9,2.68205669011536,exc_pb,0.102
2,0.9,2.68205669011536,exc_eb,0.30366666666666664
2,0.9,2.68205669011536,exc_kl,0.16266666666666665
2,0.9,2.68205669011536,binom,0.9523333333333334
2,0.9,2.9789387585325953,exc_pb,0.16133333333333333
2,0.9,2.9789387585325953,exc_eb,0.37866666666666665
2,0.9,2.9789387585325953,exc_kl,0.226
2,0.9,2.9789387585325953,binom,0.9743333333333334
2,0.9,3.3086832801830264,exc_pb,0.2853333333333333
2,0.9,3.3086832801830264,exc_eb,0.5256666666666666
2,0.9,3.3086832801830264,exc_kl,0.2853333333333333
2,0.9,3.3086832801830264,binom,0.9866666666666667
2,0.9,3.674927863893153,exc_pb,0.38133333333333336
2,0.9,3.674927863893153,exc_eb,0.6093333333333333
2,0.9,3.674927863893153,exc_kl,0.38133333333333336
2,0.9,3.674927863893153,binom,0.9933333333333333
2,0.9,4.081712772481273,exc_pb,0.475
2,0.9,4.081712772481273,exc_eb,0.7396666666666667
2,0.9,4.081712772481273,exc_kl,0.475
2,0.9,4.081712772481273,binom,0.9963333333333333
2,0.9,4.533525493310514,exc_pb,0.5783333333333334
2,0.9,4.533525493310514,exc_eb,0.8056666666666666
2,0.9,4.533525493310514,exc_kl,0.5783333333333334
2,0.9,4.533525493310514,binom,0.999
2,0.9,5.035350242443017,exc_pb,0.7263333333333334
2,0.9,5.035350242443017,exc_eb,0.887
2,0.9,5.035350242443017,exc_kl,0.6586666666666666
2,0.9,5.035350242443017,binom,1.0
2,0.9,5.592722948505175,exc_pb,0.8083333333333333
2,0.9,5.592722948505175,exc_eb,0.942
2,0.9,5.592722948505175,exc_kl,0.77
2,0.9,5.592722948505175,binom,1.0
2,0.9,6.211792322823781,exc_pb,0.8626666666666667
2,0.9,6.211792322823781,exc_eb,0.9663333333333334
2,0.9,6.211792322823781,exc_kl,0.8326666666666667
2,0.9,6.211792322823781,binom,1.0
2,0.9,6.899387689534283,exc_pb,0.9266666666666666
2,0.9,6.899387689534283,exc_eb,0.9846666666666667
2,0.9,6.899387689534283,exc_kl,0.9056666666666666
2,0.9,6.899387689534283,binom,1.0
2,0.9,7.66309432393553,exc_pb,0.967
2,0.9,7.66309432393553,exc_eb,0.9926666666666667
2,0.9,7.66309432393553,exc_kl,0.9453333333333334
2,0.9,7.66309432393553,binom,1.0
2,0.9,8.511337130193478,exc_pb,0.988
2,0.9,8.511337130193478,exc_eb,0.9983333333333333
2,0.9,8.511337130193478,exc_kl,0.973
2,0.9,8.511337130193478,binom,1.0
2,0.9,9.453473581492563,exc_pb,0.9953333333333333
2,0.9,9.453473581492563,exc_eb,0.9993333333333333
2,0.9,9.453473581492563,exc_kl,0.988
2,0.9,9.453473581492563,binom,1.0
2,0.9,10.499896947913088,exc_pb,0.9993333333333333
2,0.9,10.499896947913088,exc_eb,0.9996666666666667
2,0.9,10.499896947913088,exc_kl,0.998
2,0.9,10.499896947913088,binom,1.0
2,0.9,11.662150950803003,exc_pb,1.0
2,0.9,11.662150950803003,exc_eb,1.0
2,0.9,11.662150950803003,exc_kl,0.9993333333333333
2,0.9,11.662150950803003,binom,1.0
2,0.9,12.953057108464982,exc_pb,1.0
2,0.9,12.953057108464982,exc_eb,1.0
2,0.9,12.953057108464982,exc_kl,1.0
2,0.9,12.953057108464982,binom,1.0
2,0.9,14.386856177985118,exc_pb,1.0
2,0.9,14.386856177985118,exc_eb,1.0
2,0.9,14.386856177985118,exc_kl,1.0
2,0.9,14.386856177985118,binom,1.0
2,0.9,15.979365253532583,exc_pb,1.0
2,0.9,15.979365253532583,exc_eb,1.0
2,0.9,15.979365253532583,exc_kl,1.0
2,0.9,15.979365253532583,binom,1.0
2,0.9,17.74815225417544,exc_pb,1.0
2,0.9,17.74815225417544,exc_eb,1.0
2,0.9,17.74815225417544,exc_kl,1.0
2,0.9,17.74815225417544,binom,1.0
2,0.9,19.71272972609196,exc_pb,1.0
2,0.9,19.71272972609196,exc_eb,1.0
2,0.9,19.71272972609196,exc_kl,1.0
2,0.9,19.71272972609196,binom,1.0
2,0.9,21.894770097125424,exc_pb,1.0
2,0.9,21.894770097125424,exc_eb,1.0
2,0.9,21.894770097125424,exc_kl,1.0
2,0.9,21.894770097125424,binom,1.0
2,0.9,24.318344758284002,exc_pb,1.0
2,0.9,24.318344758284002,exc_eb,1.0
2,0.9,24.318344758284002,exc_kl,1.0
2,0.9,24.318344758284002,binom,1.0
2,0.9,27.01018960963659,exc_pb,1.0
2,0.9,27.01018960963659,exc_eb,1.0
2,0.9,27.01018960963659,exc_kl,1.0
2,0.9,27.01018960963659,binom,1.0
2,0.9,30.0,exc_pb,1.0
2,0.9,30.0,exc_eb,1.0
2,0.9,30.0,exc_kl,1.0
2,0.9,30.0,binom,1.0
2,0.95,0.5,exc_pb,0.0
2,0.95,0.5,exc_eb,0.0
2,0.95,0.5,exc_kl,0.0
2,0.95,0.5,binom,0.23833333333333334
2,0.95,0.5553459719012251,exc_pb,0.0
2,0.95,0.5553459719012251,exc_eb,0.0
2,0.95,0.5553459719012251,exc_kl,0.0
2,0.95,0.5553459719012251,binom,0.2763333333333333
2,0.95,0.6168182970138327,exc_pb,0.0
2,0.95,0.6168182970138327,exc_eb,0.0
2,0.95,0.6168182970138327,exc_kl,0.013333333333333334
2,0.95,0.6168182970138327,binom,0.30866666666666664
2,0.95,0.685095113283211,exc_pb,0.0
2,0.95,0.685095113283211,exc_eb,0.0
2,0.95,0.685095113283211,exc_kl,0.006
2,0.95,0.685095113283211,binom,0.346
2,0.95,0.7609296230620896,exc_pb,0.0
2,0.95,0.7609296230620896,exc_eb,0.0026666666666666666
2,0.95,0.7609296230620896,exc_kl,0.0026666666666666666
2,0.95,0.7609296230620896,binom,0.404
2,0.95,0.8451584021356982,exc_pb,0.0
2,0.95,0.8451584021356982,exc_eb,0.002
2,0.95,0.8451584021356982,exc_kl,0.002
2,0.95,0.8451584021356982,binom,0.445
2,0.95,0.9387106284890715,exc_pb,0.0
2,0.95,0.9387106284890715,exc_eb,0.0006666666666666666
2,0.95,0.9387106284890715,exc_kl,0.009
2,0.95,0.9387106284890715,binom,0.48733333333333334
2,0.95,1.0426183326245466,exc_pb,0.0
2,0.95,1.0426183326245466,exc_eb,0.0033333333333333335
2,0.95,1.0426183326245466,exc_kl,0.0033333333333333335
2,0.95,1.0426183326245466,binom,0.5586666666666666
2,0.95,1.1580277825068275,exc_pb,0.0
2,0.95,1.1580277825068275,exc_eb,0.008
2,0.95,1.1580277825068275,exc_kl,0.008
2,0.95,1.1580277825068275,binom,0.599
2,0.95,1.2862121287297494,exc_pb,0.001
2,0.95,1.2862121287297494,exc_eb,0.01633333333333333
2,0.95,1.2862121287297494,exc_kl,0.01633333333333333
2,0.95,1.2862121287297494,binom,0.6666666666666666
2,0.95,1.4285854494011327,exc_pb,0.001
2,0.95,1.4285854494011327,exc_eb,0.021666666666666667
2,0.95,1.4285854494011327,exc_kl,0.021666666666666667
2,0.95,1.4285854494011327,binom,0.7323333333333333
2,0.95,1.5867183496832413,exc_pb,0.012333333333333333
2,0.95,1.5867183496832413,exc_eb,0.027
2,0.95,1.5867183496832413,exc_kl,0.027
2,0.95,1.5867183496832413,binom,0.7823333333333333
2,0.95,1.762355288076695,exc_pb,0.012666666666666666
2,0.95,1.762355288076695,exc_eb,0.05366666666666667
2,0.95,1.762355288076695,exc_kl,0.05366666666666667
2,0.95,1.762355288076695,binom,0.812
2,0.95,1.9574338205844317,exc_pb,0.02
2,0.95,1.9574338205844317,exc_eb,0.08166666666666667
2,0.95,1.9574338205844317,exc_kl,0.04033333333333333
2,0.95,1.9574338205844317,binom,0.8703333333333333
2,0.95,2.1741059750495793,exc_pb,0.03966666666666667
2,0.95,2.1741059750495793,exc_eb,0.121
2,0.95,2.1741059750495793,exc_kl,0.07466666666666667
2,0.95,2.1741059750495793,binom,0.8876666666666667
2,0.95,2.414761991460339,exc_pb,0.09
2,0.95,2.414761991460339,exc_eb,0.21133333333333335
2,0.95,2.414761991460339,exc_kl,0.09
2,0.95,2.414761991460339,binom,0.9313333333333333
2,0.95,2.68205669011536,exc_pb,0.11066666666666666
2,0.95,2.68205669011536,exc_eb,0.32766666666666666
2,0.95,2.68205669011536,exc_kl,0.16833333333333333
2,0.95,2.68205669011536,binom,0.9526666666666667
2,0.95,2.9789387585325953,exc_pb,0.17
2,0.95,2.9789387585325953,exc_eb,0.39
2,0.95,2.9789387585325953,exc_kl,0.23133333333333334
2,0.95,2.9789387585325953,binom,0.9736666666666667
2,0.95,3.3086832801830264,exc_pb,0.279
2,0.95,3.3086832801830264,exc_eb,0.515
2,0.95,3.3086832801830264,exc_kl,0.279
2,0.95,3.3086832801830264,binom,0.9833333333333333
2,0.95,3.674927863893153,exc_pb,0.403
2,0.95,3.674927863893153,exc_eb,0.6233333333333333
2,0.95,3.674927863893153,exc_kl,0.32766666666666666
2,0.95,3.674927863893153,binom,0.9916666666666667
2,0.95,4.081712772481273,exc_pb,0.4736666666666667
2,0.95,4.081712772481273,exc_eb,0.672
2,0.95,4.081712772481273,exc_kl,0.4736666666666667
2,0.95,4.081712772481273,binom,0.9976666666666667
2,0.95,4.533525493310514,exc_pb,0.5883333333333334
2,0.95,4.533525493310514,exc_eb,0.821
2,0.95,4.533525493310514,exc_kl,0.521
2,0.95,4.533525493310514,binom,0.9976666666666667
2,0.95,5.035350242443017,exc_pb,0.7163333333333334
2,0.95,5.035350242443017,exc_eb,0.8883333333333333
2,0.95,5.035350242443017,exc_kl,0.6586666666666666
2,0.95,5.035350242443017,binom,0.999
2,0.95,5.592722948505175,exc_pb,0.8053333333333333
2,0.95,5.592722948505175,exc_eb,0.9483333333333334
2,0.95,5.592722948505175,exc_kl,0.7553333333333333
2,0.95,5.592722948505175,binom,0.9996666666666667
2,0.95,6.211792322823781,exc_pb,0.8763333333333333
2,0.95,6.211792322823781,exc_eb,0.9683333333333334
2,0.95,6.211792322823781,exc_kl,0.807
2,0.95,6.211792322823781,binom,1.0
2,0.95,6.899387689534283,exc_pb,0.9273333333333333
2,0.95,6.899387689534283,exc_eb,0.985
2,0.95,6.899387689534283,exc_kl,0.881
2,0.95,6.899387689534283,binom,1.0
2,0.95,7.66309432393553,exc_pb,0.9793333333333333
2,0.95,7.66309432393553,exc_eb,0.995
2,0.95,7.66309432393553,exc_kl,0.9446666666666667
2,0.95,7.66309432393553,binom,1.0
2,0.95,8.511337130193478,exc_pb,0.985
2,0.95,8.511337130193478,exc_eb,0.9986666666666667
2,0.95,8.511337130193478,exc_kl,0.968
2,0.95,8.511337130193478,binom,1.0
2,0.95,9.453473581492563,exc_pb,0.9973333333333333
2,0.95,9.453473581492563,exc_eb,1.0
2,0.95,9.453473581492563,exc_kl,0.9906666666666667
2,0.95,9.453473581492563,binom,1.0
2,0.95,10.499896947913088,exc_pb,0.9986666666666667
2,0.95,10.499896947913088,exc_eb,1.0
2,0.95,10.499896947913088,exc_kl,0.9953333333333333
2,0.95,10.499896947913088,binom,1.0
2,0.95,11.662150950803003,exc_pb,0.9996666666666667
2,0.95,11.662150950803003,exc_eb,1.0
2,0.95,11.662150950803003,exc_kl,0.999
2,0.95,11.662150950803003,binom,1.0
2,0.95,12.953057108464982,exc_pb,1.0
2,0.95,12.953057108464982,exc_eb,1.0
2,0.95,12.953057108464982,exc_kl,1.0
2,0.95,12.953057108464982,binom,1.0
2,0.95,14.386856177985118,exc_pb,1.0
2,0.95,14.386856177985118,exc_eb,1.0
2,0.95,14.386856177985118,exc_kl,1.0
2,0.95,14.386856177985118,binom,1.0
2,0.95,15.979365253532583,exc_pb,1.0
2,0.95,15.979365253532583,exc_eb,1.0
2,0.95,15.979365253532583,exc_kl,1.0
2,0.95,15.979365253532583,binom,1.0
2,0.95,17.74815225417544,exc_pb,1.0
2,0.95,17.74815225417544,exc_eb,1.0
2,0.95,17.74815225417544,exc_kl,1.0
2,0.95,17.74815225417544,binom,1.0
2,0.95,19.71272972609196,exc_pb,1.0
2,0.95,19.71272972609196,exc_eb,1.0
2,0.95,19.71272972609196,exc_kl,1.0
2,0.95,19.71272972609196,binom,1.0
2,0.95,21.894770097125424,exc_pb,1.0
2,0.95,21.894770097125424,exc_eb,1.0
2,0.95,21.894770097125424,exc_kl,1.0
2,0.95,21.894770097125424,binom,1.0
2,0.95,24.318344758284002,exc_pb,1.0
2,0.95,24.318344758284002,exc_eb,1.0
2,0.95,24.318344758284002,exc_kl,1.0
2,0.95,24.318344758284002,binom,1.0
2,0.95,27.01018960963659,exc_pb,1.0
2,0.95,27.01018960963659,exc_eb,1.0
2,0.95,27.01018960963659,exc_kl,1.0
2,0.95,27.01018960963659,binom,1.0
2,0.95,30.0,exc_pb,1.0
2,0.95,30.0,exc_eb,1.0
2,0.95,30.0,exc_kl,1.0
2,0.95,30.0,binom,1.0
2,0.99,0.5,exc_pb,0.0
2,0.99,0.5,exc_eb,0.0
2,0.99,0.5,exc_kl,0.0
2,0.99,0.5,binom,0.23833333333333334
2,0.99,0.5553459719012251,exc_pb,0.0
2,0.99,0.5553459719012251,exc_eb,0.0
2,0.99,0.5553459719012251,exc_kl,0.0
2,0.99,0.5553459719012251,binom,0.23166666666666666
2,0.99,0.6168182970138327,exc_pb,0.0
2,0.99,0.6168182970138327,exc_eb,0.0
2,0.99,0.6168182970138327,exc_kl,0.0
2,0.99,0.6168182970138327,binom,0.32066666666666666
2,0.99,0.685095113283211,exc_pb,0.0
2,0.99,0.685095113283211,exc_eb,0.0
2,0.99,0.685095113283211,exc_kl,0.006
2,0.99,0.685095113283211,binom,0.32366666666666666
2,0.99,0.7609296230620896,exc_pb,0.0
2,0.99,0.7609296230620896,exc_eb,0.004
2,0.99,0.7609296230620896,exc_kl,0.004
2,0.99,0.7609296230620896,binom,0.3596666666666667
2,0.99,0.8451584021356982,exc_pb,0.0
2,0.99,0.8451584021356982,exc_eb,0.0013333333333333333
2,0.99,0.8451584021356982,exc_kl,0.0013333333333333333
2,0.99,0.8451584021356982,binom,0.438
2,0.99,0.9387106284890715,exc_pb,0.0
2,0.99,0.9387106284890715,exc_eb,0.0003333333333333333
2,0.99,0.9387106284890715,exc_kl,0.009
2,0.99,0.9387106284890715,binom,0.4593333333333333
2,0.99,1.0426183326245466,exc_pb,0.0
2,0.99,1.0426183326245466,exc_eb,0.005666666666666667
2,0.99,1.0426183326245466,exc_kl,0.005666666666666667
2,0.99,1.0426183326245466,binom,0.5256666666666666
2,0.99,1.1580277825068275,exc_pb,0.0003333333333333333
2,0.99,1.1580277825068275,exc_eb,0.007666666666666666
2,0.99,1.1580277825068275,exc_kl,0.007666666666666666
2,0.99,1.1580277825068275,binom,0.5916666666666667
2,0.99,1.2862121287297494,exc_pb,0.001
2,0.99,1.2862121287297494,exc_eb,0.015666666666666666
2,0.99,1.2862121287297494,exc_kl,0.015666666666666666
2,0.99,1.2862121287297494,binom,0.6566666666666666
2,0.99,1.4285854494011327,exc_pb,0.0016666666666666668
2,0.99,1.4285854494011327,exc_eb,0.016
2,0.99,1.4285854494011327,exc_kl,0.016
2,0.99,1.4285854494011327,binom,0.713
2,0.99,1.5867183496832413,exc_pb,0.01
2,0.99,1.5867183496832413,exc_eb,0.026
2,0.99,1.5867183496832413,exc_kl,0.026
2,0.99,1.5867183496832413,binom,0.749
2,0.99,1.762355288076695,exc_pb,0.014666666666666666
2,0.99,1.762355288076695,exc_eb,0.06133333333333333
2,0.99,1.762355288076695,exc_kl,0.032
2,0.99,1.762355288076695,binom,0.804
2,0.99,1.9574338205844317,exc_pb,0.027666666666666666
2,0.99,1.9574338205844317,exc_eb,0.094
2,0.99,1.9574338205844317,exc_kl,0.05366666666666667
2,0.99,1.9574338205844317,binom,0.8673333333333333
2,0.99,2.1741059750495793,exc_pb,0.048666666666666664
2,0.99,2.1741059750495793,exc_eb,0.12933333333333333
2,0.99,2.1741059750495793,exc_kl,0.048666666666666664
2,0.99,2.1741059750495793,binom,0.8926666666666667
2,0.99,2.414761991460339,exc_pb,0.09566666666666666
2,0.99,2.414761991460339,exc_eb,0.21466666666666667
2,0.99,2.414761991460339,exc_kl,0.09566666666666666
2,0.99,2.414761991460339,binom,0.9183333333333333
2,0.99,2.68205669011536,exc_pb,0.115
2,0.99,2.68205669011536,exc_eb,0.32366666666666666
2,0.99,2.68205669011536,exc_kl,0.115
2,0.99,2.68205669011536,binom,0.948
2,0.99,2.9789387585325953,exc_pb,0.17833333333333334
2,0.99,2.9789387585325953,exc_eb,0.4023333333333333
2,0.99,2.9789387585325953,exc_kl,0.17833333333333334
2,0.99,2.9789387585325953,binom,0.9653333333333334
2,0.99,3.3086832801830264,exc_pb,0.283
2,0.99,3.3086832801830264,exc_eb,0.517
2,0.99,3.3086832801830264,exc_kl,0.21
2,0.99,3.3086832801830264,binom,0.9823333333333333
2,0.99,3.674927863893153,exc_pb,0.37933333333333336
2,0.99,3.674927863893153,exc_eb,0.611
2,0.99,3.674927863893153,exc_kl,0.24366666666666667
2,0.99,3.674927863893153,binom,0.9873333333333333
2,0.99,4.081712772481273,exc_pb,0.463
2,0.99,4.081712772481273,exc_eb,0.6753333333333333
2,0.99,4.081712772481273,exc_kl,0.321
2,0.99,4.081712772481273,binom,0.9943333333333333
2,0.99,4.533525493310514,exc_pb,0.5796666666666667
2,0.99,4.533525493310514,exc_eb,0.816
2,0.99,4.533525493310514,exc_kl,0.449
2,0.99,4.533525493310514,binom,0.9976666666666667
2,0.99,5.035350242443017,exc_pb,0.7346666666666667
2,0.99,5.035350242443017,exc_eb,0.8926666666666667
2,0.99,5.035350242443017,exc_kl,0.553
2,0.99,5.035350242443017,binom,0.9976666666666667
2,0.99,5.592722948505175,exc_pb,0.7833333333333333
2,0.99,5.592722948505175,exc_eb,0.9313333333333333
2,0.99,5.592722948505175,exc_kl,0.6396666666666667
2,0.99,5.592722948505175,binom,1.0
2,0.99,6.211792322823781,exc_pb,0.8573333333333333
2,0.99,6.211792322823781,exc_eb,0.963
2,0.99,6.211792322823781,exc_kl,0.7516666666666667
2,0.99,6.211792322823781,binom,0.9996666666666667
2,0.99,6.899387689534283,exc_pb,0.926
2,0.99,6.899387689534283,exc_eb,0.9863333333333333
2,0.99,6.899387689534283,exc_kl,0.8453333333333334
2,0.99,6.899387689534283,binom,1.0
2,0.99,7.66309432393553,exc_pb,0.9736666666666667
2,0.99,7.66309432393553,exc_eb,0.9936666666666667
2,0.99,7.66309432393553,exc_kl,0.9026666666666666
2,0.99,7.66309432393553,binom,1.0
2,0.99,8.511337130193478,exc_pb,0.9863333333333333
2,0.99,8.511337130193478,exc_eb,0.9973333333333333
2,0.99,8.511337130193478,exc_kl,0.9506666666666667
2,0.99,8.511337130193478,binom,1.0
2,0.99,9.453473581492563,exc_pb,0.996
2,0.99,9.453473581492563,exc_eb,0.9993333333333333
2,0.99,9.453473581492563,exc_kl,0.9833333333333333
2,0.99,9.453473581492563,binom,1.0
2,0.99,10.499896947913088,exc_pb,0.9983333333333333
2,0.99,10.499896947913088,exc_eb,1.0
2,0.99,10.499896947913088,exc_kl,0.9896666666666667
2,0.99,10.499896947913088,binom,1.0
2,0.99,11.662150950803003,exc_pb,0.9993333333333333
2,0.99,11.662150950803003,exc_eb,1.0
2,0.99,11.662150950803003,exc_kl,0.9973333333333333
2,0.99,11.662150950803003,binom,1.0
2,0.99,12.953057108464982,exc_pb,1.0
2,0.99,12.953057108464982,exc_eb,1.0
2,0.99,12.953057108464982,exc_kl,1.0
2,0.99,12.953057108464982,binom,1.0
2,0.99,14.386856177985118,exc_pb,1.0
2,0.99,14.386856177985118,exc_eb,1.0
2,0.99,14.386856177985118,exc_kl,1.0
2,0.99,14.386856177985118,binom,1.0
2,0.99,15.979365253532583,exc_pb,1.0
2,0.99,15.979365253532583,exc_eb,1.0
2,0.99,15.979365253532583,exc_kl,1.0
2,0.99,15.979365253532583,binom,1.0
2,0.99,17.74815225417544,exc_pb,1.0
2,0.99,17.74815225417544,exc_eb,1.0
2,0.99,17.74815225417544,exc_kl,1.0
2,0.99,17.74815225417544,binom,1.0
2,0.99,19.71272972609196,exc_pb,1.0
2,0.99,19.71272972609196,exc_eb,1.0
2,0.99,19.71272972609196,exc_kl,1.0
2,0.99,19.71272972609196,binom,1.0
2,0.99,21.894770097125424,exc_pb,1.0
2,0.99,21.894770097125424,exc_eb,1.0
2,0.99,21.894770097125424,exc_kl,1.0
2,0.99,21.894770097125424,binom,1.0
2,0.99,24.318344758284002,exc_pb,1.0
2,0.99,24.318344758284002,exc_eb,1.0
2,0.99,24.318344758284002,exc_kl,1.0
2,0.99,24.318344758284002,binom,1.0
2,0.99,27.01018960963659,exc_pb,1.0
2,0.99,27.01018960963659,exc_eb,1.0
2,0.99,27.01018960963659,exc_kl,1.0
2,0.99,27.01018960963659,binom,1.0
2,0.99,30.0,exc_pb,1.0
2,0.99,30.0,exc_eb,1.0
2,0.99,30.0,exc_kl,1.0
2,0.99,30.0,binom,1.0
8,0.9,0.5,exc_pb,0.0
8,0.9,0.5,exc_eb,0.0
8,0.9,0.5,exc_kl,0.005
8,0.9,0.5,binom,0.169
8,0.9,0.5553459719012251,exc_pb,0.0
8,0.9,0.5553459719012251,exc_eb,0.0
8,0.9,0.5553459719012251,exc_kl,0.005
8,0.9,0.5553459719012251,binom,0.18866666666666668
8,0.9,0.6168182970138327,exc_pb,0.0
8,0.9,0.6168182970138327,exc_eb,0.0
8,0.9,0.6168182970138327,exc_kl,0.0013333333333333333
8,0.9,0.6168182970138327,binom,0.23133333333333334
8,0.9,0.685095113283211,exc_pb,0.0
8,0.9,0.685095113283211,exc_eb,0.0006666666666666666
8,0.9,0.685095113283211,exc_kl,0.0006666666666666666
8,0.9,0.685095113283211,binom,0.27066666666666667
8,0.9,0.7609296230620896,exc_pb,0.0
8,0.9,0.7609296230620896,exc_eb,0.0013333333333333333
8,0.9,0.7609296230620896,exc_kl,0.005
8,0.9,0.7609296230620896,binom,0.3426666666666667
8,0.9,0.8451584021356982,exc_pb,0.0
8,0.9,0.8451584021356982,exc_eb,0.0
8,0.9,0.8451584021356982,exc_kl,0.013
8,0.9,0.8451584021356982,binom,0.385
8,0.9,0.9387106284890715,exc_pb,0.0
8,0.9,0.9387106284890715,exc_eb,0.0003333333333333333
8,0.9,0.9387106284890715,exc_kl,0.013
8,0.9,0.9387106284890715,binom,0.458
8,0.9,1.0426183326245466,exc_pb,0.0003333333333333333
8,0.9,1.0426183326245466,exc_eb,0.0016666666666666668
8,0.9,1.0426183326245466,exc_kl,0.008333333333333333
8,0.9,1.0426183326245466,binom,0.4846666666666667
8,0.9,1.1580277825068275,exc_pb,0.0016666666666666668
8,0.9,1.1580277825068275,exc_eb,0.0036666666666666666
8,0.9,1.1580277825068275,exc_kl,0.021
8,0.9,1.1580277825068275,binom,0.5806666666666667
8,0.9,1.2862121287297494,exc_pb,0.001
8,0.9,1.2862121287297494,exc_eb,0.008
8,0.9,1.2862121287297494,exc_kl,0.02266666666666667
8,0.9,1.2862121287297494,binom,0.6353333333333333
8,0.9,1.4285854494011327,exc_pb,0.006
8,0.9,1.4285854494011327,exc_eb,0.011
8,0.9,1.4285854494011327,exc_kl,0.050333333333333334
8,0.9,1.4285854494011327,binom,0.712
8,0.9,1.5867183496832413,exc_pb,0.006666666666666667
8,0.9,1.5867183496832413,exc_eb,0.017
8,0.9,1.5867183496832413,exc_kl,0.042
8,0.9,1.5867183496832413,binom,0.7726666666666666
8,0.9,1.762355288076695,exc_pb,0.03133333333333333
8,0.9,1.762355288076695,exc_eb,0.061
8,0.9,1.762355288076695,exc_kl,0.061
8,0.9,1.762355288076695,binom,0.8376666666666667
8,0.9,1.9574338205844317,exc_pb,0.03666666666666667
8,0.9,1.9574338205844317,exc_eb,0.06233333333333333
8,0.9,1.9574338205844317,exc_kl,0.08966666666666667
8,0.9,1.9574338205844317,binom,0.8816666666666667
8,0.9,2.1741059750495793,exc_pb,0.068
8,0.9,2.1741059750495793,exc_eb,0.10533333333333333
8,0.9,2.1741059750495793,exc_kl,0.15766666666666668
8,0.9,2.1741059750495793,binom,0.9163333333333333
8,0.9,2.414761991460339,exc_pb,0.115
8,0.9,2.414761991460339,exc_eb,0.20833333333333334
8,0.9,2.414761991460339,exc_kl,0.20833333333333334
8,0.9,2.414761991460339,binom,0.952
8,0.9,2.68205669011536,exc_pb,0.18666666666666668
8,0.9,2.68205669011536,exc_eb,0.31033333333333335
8,0.9,2.68205669011536,exc_kl,0.24366666666666667
8,0.9,2.68205669011536,binom,0.972
8,0.9,2.9789387585325953,exc_pb,0.30866666666666664
8,0.9,2.9789387585325953,exc_eb,0.384
8,0.9,2.9789387585325953,exc_kl,0.30866666666666664
8,0.9,2.9789387585325953,binom,0.9826666666666667
8,0.9,3.3086832801830264,exc_pb,0.435
8,0.9,3.3086832801830264,exc_eb,0.506
8,0.9,3.3086832801830264,exc_kl,0.435
8,0.9,3.3086832801830264,binom,0.9933333333333333
8,0.9,3.674927863893153,exc_pb,0.5166666666666667
8,0.9,3.674927863893153,exc_eb,0.6523333333333333
8,0.9,3.674927863893153,exc_kl,0.5166666666666667
8,0.9,3.674927863893153,binom,0.997
8,0.9,4.081712772481273,exc_pb,0.6386666666666667
8,0.9,4.081712772481273,exc_eb,0.7843333333333333
8,0.9,4.081712772481273,exc_kl,0.6386666666666667
8,0.9,4.081712772481273,binom,0.999
8,0.9,4.533525493310514,exc_pb,0.7453333333333333
8,0.9,4.533525493310514,exc_eb,0.8576666666666667
8,0.9,4.533525493310514,exc_kl,0.7453333333333333
8,0.9,4.533525493310514,binom,0.9993333333333333
8,0.9,5.035350242443017,exc_pb,0.843
8,0.9,5.035350242443017,exc_eb,0.94
8,0.9,5.035350242443017,exc_kl,0.843
8,0.9,5.035350242443017,binom,1.0
8,0.9,5.592722948505175,exc_pb,0.9236666666666666
8,0.9,5.592722948505175,exc_eb,0.975
8,0.9,5.592722948505175,exc_kl,0.9036666666666666
8,0.9,5.592722948505175,binom,1.0
8,0.9,6.211792322823781,exc_pb,0.9733333333333334
8,0.9,6.211792322823781,exc_eb,0.9873333333333333
8,0.9,6.211792322823781,exc_kl,0.9543333333333334
8,0.9,6.211792322823781,binom,1.0
8,0.9,6.899387689534283,exc_pb,0.991
8,0.9,6.899387689534283,exc_eb,0.9983333333333333
8,0.9,6.899387689534283,exc_kl,0.9823333333333333
8,0.9,6.899387689534283,binom,1.0
8,0.9,7.66309432393553,exc_pb,0.9936666666666667
8,0.9,7.66309432393553,exc_eb,0.999
8,0.9,7.66309432393553,exc_kl,0.9876666666666667
8,0.9,7.66309432393553,binom,1.0
8,0.9,8.511337130193478,exc_pb,0.9976666666666667
8,0.9,8.511337130193478,exc_eb,0.9996666666666667
8,0.9,8.511337130193478,exc_kl,0.9966666666666667
8,0.9,8.511337130193478,binom,1.0
8,0.9,9.453473581492563,exc_pb,1.0
8,0.9,9.453473581492563,exc_eb,1.0
8,0.9,9.453473581492563,exc_kl,0.9996666666666667
8,0.9,9.453473581492563,binom,1.0
8,0.9,10.499896947913088,exc_pb,1.0
8,0.9,10.499896947913088,exc_eb,1.0
8,0.9,10.499896947913088,exc_kl,1.0
8,0.9,10.499896947913088,binom,1.0
8,0.9,11.662150950803003,exc_pb,1.0
8,0.9,11.662150950803003,exc_eb,1.0
8,0.9,11.662150950803003,exc_kl,1.0
8,0.9,11.662150950803003,binom,1.0
8,0.9,12.953057108464982,exc_pb,1.0
8,0.9,12.953057108464982,exc_eb,1.0
8,0.9,12.953057108464982,exc_kl,1.0
8,0.9,12.953057108464982,binom,1.0
8,0.9,14.386856177985118,exc_pb,1.0
8,0.9,14.386856177985118,exc_eb,1.0
8,0.9,14.386856177985118,exc_kl,1.0
8,0.9,14.386856177985118,binom,1.0
8,0.9,15.979365253532583,exc_pb,1.0
8,0.9,15.979365253532583,exc_eb,1.0
8,0.9,15.979365253532583,exc_kl,1.0
8,0.9,15.979365253532583,binom,1.0
8,0.9,17.74815225417544,exc_pb,1.0
8,0.9,17.74815225417544,exc_eb,1.0
8,0.9,17.74815225417544,exc_kl,1.0
8,0.9,17.74815225417544,binom,1.0
8,0.9,19.71272972609196,exc_pb,1.0
8,0.9,19.71272972609196,exc_eb,1.0
8,0.9,19.71272972609196,exc_kl,1.0
8,0.9,19.71272972609196,binom,1.0
8,0.9,21.894770097125424,exc_pb,1.0
8,0.9,21.894770097125424,exc_eb,1.0
8,0.9,21.894770097125424,exc_kl,1.0
8,0.9,21.894770097125424,binom,1.0
8,0.9,24.318344758284002,exc_pb,1.0
8,0.9,24.318344758284002,exc_eb,1.0
8,0.9,24.318344758284002,exc_kl,1.0
8,0.9,24.318344758284002,binom,1.0
8,0.9,27.01018960963659,exc_pb,1.0
8,0.9,27.01018960963659,exc_eb,1.0
8,0.9,27.01018960963659,exc_kl,1.0
8,0.9,27.01018960963659,binom,1.0
8,0.9,30.0,exc_pb,1.0
8,0.9,30.0,exc_eb,1.0
8,0.9,30.0,exc_kl,1.0
8,0.9,30.0,binom,1.0
8,0.95,0.5,exc_pb,0.0
8,0.95,0.5,exc_eb,0.0
8,0.95,0.5,exc_kl,0.0
8,0.95,0.5,binom,0.151
8,0.95,0.5553459719012251,exc_pb,0.0
8,0.95,0.5553459719012251,exc_eb,0.0
8,0.95,0.5553459719012251,exc_kl,0.0026666666666666666
8,0.95,0.5553459719012251,binom,0.18633333333333332
8,0.95,0.6168182970138327,exc_pb,0.0
8,0.95,0.6168182970138327,exc_eb,0.0
8,0.95,0.6168182970138327,exc_kl,0.002
8,0.95,0.6168182970138327,binom,0.221
8,0.95,0.685095113283211,exc_pb,0.0
8,0.95,0.685095113283211,exc_eb,0.0006666666666666666
8,0.95,0.685095113283211,exc_kl,0.0006666666666666666
8,0.95,0.685095113283211,binom,0.26
8,0.95,0.7609296230620896,exc_pb,0.0
8,0.95,0.7609296230620896,exc_eb,0.002
8,0.95,0.7609296230620896,exc_kl,0.005333333333333333
8,0.95,0.7609296230620896,binom,0.31233333333333335
8,0.95,0.8451584021356982,exc_pb,0.0
8,0.95,0.8451584021356982,exc_eb,0.0
8,0.95,0.8451584021356982,exc_kl,0.008
8,0.95,0.8451584021356982,binom,0.37266666666666665
8,0.95,0.9387106284890715,exc_pb,0.0
8,0.95,0.9387106284890715,exc_eb,0.0
8,0.95,0.9387106284890715,exc_kl,0.006
8,0.95,0.9387106284890715,binom,0.4176666666666667
8,0.95,1.0426183326245466,exc_pb,0.0
8,0.95,1.0426183326245466,exc_eb,0.0006666666666666666
8,0.95,1.0426183326245466,exc_kl,0.006
8,0.95,1.0426183326245466,binom,0.483
8,0.95,1.1580277825068275,exc_pb,0.0
8,0.95,1.1580277825068275,exc_eb,0.0033333333333333335
8,0.95,1.1580277825068275,exc_kl,0.011666666666666667
8,0.95,1.1580277825068275,binom,0.562
8,0.95,1.2862121287297494,exc_pb,0.0036666666666666666
8,0.95,1.2862121287297494,exc_eb,0.009
8,0.95,1.2862121287297494,exc_kl,0.025
8,0.95,1.2862121287297494,binom,0.633
8,0.95,1.4285854494011327,exc_pb,0.0036666666666666666
8,0.95,1.4285854494011327,exc_eb,0.008
8,0.95,1.4285854494011327,exc_kl,0.017333333333333333
8,0.95,1.4285854494011327,binom,0.6793333333333333
8,0.95,1.5867183496832413,exc_pb,0.01
8,0.95,1.5867183496832413,exc_eb,0.022333333333333334
8,0.95,1.5867183496832413,exc_kl,0.042666666666666665
8,0.95,1.5867183496832413,binom,0.7526666666666667
8,0.95,1.762355288076695,exc_pb,0.028333333333333332
8,0.95,1.762355288076695,exc_eb,0.055
8,0.95,1.762355288076695,exc_kl,0.055
8,0.95,1.762355288076695,binom,0.8193333333333334
8,0.95,1.9574338205844317,exc_pb,0.03833333333333333
8,0.95,1.9574338205844317,exc_eb,0.06433333333333334
8,0.95,1.9574338205844317,exc_kl,0.06433333333333334
8,0.95,1.9574338205844317,binom,0.8566666666666667
8,0.95,2.1741059750495793,exc_pb,0.068
8,0.95,2.1741059750495793,exc_eb,0.10466666666666667
8,0.95,2.1741059750495793,exc_kl,0.10466666666666667
8,0.95,2.1741059750495793,binom,0.901
8,0.95,2.414761991460339,exc_pb,0.10766666666666666
8,0.95,2.414761991460339,exc_eb,0.21066666666666667
8,0.95,2.414761991460339,exc_kl,0.15466666666666667
8,0.95,2.414761991460339,binom,0.9373333333333334
8,0.95,2.68205669011536,exc_pb,0.171
8,0.95,2.68205669011536,exc_eb,0.306
8,0.95,2.68205669011536,exc_kl,0.23333333333333334
8,0.95,2.68205669011536,binom,0.9596666666666667
8,0.95,2.9789387585325953,exc_pb,0.321
8,0.95,2.9789387585325953,exc_eb,0.38266666666666665
8,0.95,2.9789387585325953,exc_kl,0.321
8,0.95,2.9789387585325953,binom,0.9786666666666667
8,0.95,3.3086832801830264,exc_pb,0.44166666666666665
8,0.95,3.3086832801830264,exc_eb,0.512
8,0.95,3.3086832801830264,exc_kl,0.37766666666666665
8,0.95,3.3086832801830264,binom,0.9883333333333333
8,0.95,3.674927863893153,exc_pb,0.525
8,0.95,3.674927863893153,exc_eb,0.6516666666666666
8,0.95,3.674927863893153,exc_kl,0.525
8,0.95,3.674927863893153,binom,0.9936666666666667
8,0.95,4.081712772481273,exc_pb,0.6303333333333333
8,0.95,4.081712772481273,exc_eb,0.7916666666666666
8,0.95,4.081712772481273,exc_kl,0.6303333333333333
8,0.95,4.081712772481273,binom,0.9983333333333333
8,0.95,4.533525493310514,exc_pb,0.7456666666666667
8,0.95,4.533525493310514,exc_eb,0.868
8,0.95,4.533525493310514,exc_kl,0.7
8,0.95,4.533525493310514,binom,0.9986666666666667
8,0.95,5.035350242443017,exc_pb,0.8586666666666667
8,0.95,5.035350242443017,exc_eb,0.946
8,0.95,5.035350242443017,exc_kl,0.8266666666666667
8,0.95,5.035350242443017,binom,1.0
8,0.95,5.592722948505175,exc_pb,0.925
8,0.95,5.592722948505175,exc_eb,0.971
8,0.95,5.592722948505175,exc_kl,0.901
8,0.95,5.592722948505175,binom,1.0
8,0.95,6.211792322823781,exc_pb,0.969
8,0.95,6.211792322823781,exc_eb,0.9873333333333333
8,0.95,6.211792322823781,exc_kl,0.9313333333333333
8,0.95,6.211792322823781,binom,1.0
8,0.95,6.899387689534283,exc_pb,0.9856666666666667
8,0.95,6.899387689534283,exc_eb,0.997
8,0.95,6.899387689534283,exc_kl,0.971
8,0.95,6.899387689534283,binom,1.0
8,0.95,7.66309432393553,exc_pb,0.996
8,0.95,7.66309432393553,exc_eb,0.999
8,0.95,7.66309432393553,exc_kl,0.989
8,0.95,7.66309432393553,binom,1.0
8,0.95,8.511337130193478,exc_pb,0.9993333333333333
8,0.95,8.511337130193478,exc_eb,1.0
8,0.95,8.511337130193478,exc_kl,0.997
8,0.95,8.511337130193478,binom,1.0
8,0.95,9.453473581492563,exc_pb,1.0
8,0.95,9.453473581492563,exc_eb,1.0
8,0.95,9.453473581492563,exc_kl,1.0
8,0.95,9.453473581492563,binom,1.0
8,0.95,10.499896947913088,exc_pb,1.0
8,0.95,10.499896947913088,exc_eb,1.0
8,0.95,10.499896947913088,exc_kl,0.9993333333333333
8,0.95,10.499896947913088,binom,1.0
8,0.95,11.662150950803003,exc_pb,1.0
8,0.95,11.662150950803003,exc_eb,1.0
8,0.95,11.662150950803003,exc_kl,1.0
8,0.95,11.662150950803003,binom,1.0
8,0.95,12.953057108464982,exc_pb,1.0
8,0.95,12.953057108464982,exc_eb,1.0
8,0.95,12.953057108464982,exc_kl,1.0
8,0.95,12.953057108464982,binom,1.0
8,0.95,14.386856177985118,exc_pb,1.0
8,0.95,14.386856177985118,exc_eb,1.0
8,0.95,14.386856177985118,exc_kl,1.0
8,0.95,14.386856177985118,binom,1.0
8,0.95,15.979365253532583,exc_pb,1.0
8,0.95,15.979365253532583,exc_eb,1.0
8,0.95,15.979365253532583,exc_kl,1.0
8,0.95,15.979365253532583,binom,1.0
8,0.95,17.74815225417544,exc_pb,1.0
8,0.95,17.74815225417544,exc_eb,1.0
8,0.95,17.74815225417544,exc_kl,1.0
8,0.95,17.74815225417544,binom,1.0
8,0.95,19.71272972609196,exc_pb,1.0
8,0.95,19.71272972609196,exc_eb,1.0
8,0.95,19.71272972609196,exc_kl,1.0
8,0.95,19.71272972609196,binom,1.0
8,0.95,21.894770097125424,exc_pb,1.0
8,0.95,21.894770097125424,exc_eb,1.0
8,0.95,21.894770097125424,exc_kl,1.0
8,0.95,21.894770097125424,binom,1.0
8,0.95,24.318344758284002,exc_pb,1.0
8,0.95,24.318344758284002,exc_eb,1.0
8,0.95,24.318344758284002,exc_kl,1.0
8,0.95,24.318344758284002,binom,1.0
8,0.95,27.01018960963659,exc_pb,1.0
8,0.95,27.01018960963659,exc_eb,1.0
8,0.95,27.01018960963659,exc_kl,1.0
8,0.95,27.01018960963659,binom,1.0
8,0.95,30.0,exc_pb,1.0
8,0.95,30.0,exc_eb,1.0
8,0.95,30.0,exc_kl,1.0
8,0.95,30.0,binom,1.0
8,0.99,0.5,exc_pb,0.0
8,0.99,0.5,exc_eb,0.0
8,0.99,0.5,exc_kl,0.0
8,0.99,0.5,binom,0.12033333333333333
8,0.99,0.5553459719012251,exc_pb,0.0
8,0.99,0.5553459719012251,exc_eb,0.0
8,0.99,0.5553459719012251,exc_kl,0.0
8,0.99,0.5553459719012251,binom,0.179
8,0.99,0.6168182970138327,exc_pb,0.0
8,0.99,0.6168182970138327,exc_eb,0.0
8,0.99,0.6168182970138327,exc_kl,0.0023333333333333335
8,0.99,0.6168182970138327,binom,0.219
8,0.99,0.685095113283211,exc_pb,0.0
8,0.99,0.685095113283211,exc_eb,0.0003333333333333333
8,0.99,0.685095113283211,exc_kl,0.0003333333333333333
8,0.99,0.685095113283211,binom,0.255
8,0.99,0.7609296230620896,exc_pb,0.0
8,0.99,0.7609296230620896,exc_eb,0.0003333333333333333
8,0.99,0.7609296230620896,exc_kl,0.003
8,0.99,0.7609296230620896,binom,0.2926666666666667
8,0.99,0.8451584021356982,exc_pb,0.0
8,0.99,0.8451584021356982,exc_eb,0.0003333333333333333
8,0.99,0.8451584021356982,exc_kl,0.002
8,0.99,0.8451584021356982,binom,0.36766666666666664
8,0.99,0.9387106284890715,exc_pb,0.0
8,0.99,0.9387106284890715,exc_eb,0.0006666666666666666
8,0.99,0.9387106284890715,exc_kl,0.003
8,0.99,0.9387106284890715,binom,0.395
8,0.99,1.0426183326245466,exc_pb,0.0
8,0.99,1.0426183326245466,exc_eb,0.0013333333333333333
8,0.99,1.0426183326245466,exc_kl,0.005
8,0.99,1.0426183326245466,binom,0.487
8,0.99,1.1580277825068275,exc_pb,0.0006666666666666666
8,0.99,1.1580277825068275,exc_eb,0.003
8,0.99,1.1580277825068275,exc_kl,0.009333333333333334
8,0.99,1.1580277825068275,binom,0.5286666666666666
8,0.99,1.2862121287297494,exc_pb,0.0023333333333333335
8,0.99,1.2862121287297494,exc_eb,0.009333333333333334
8,0.99,1.2862121287297494,exc_kl,0.009333333333333334
8,0.99,1.2862121287297494,binom,0.605
8,0.99,1.4285854494011327,exc_pb,0.004666666666666667
8,0.99,1.4285854494011327,exc_eb,0.012333333333333333
8,0.99,1.4285854494011327,exc_kl,0.024
8,0.99,1.4285854494011327,binom,0.6726666666666666
8,0.99,1.5867183496832413,exc_pb,0.009
8,0.99,1.5867183496832413,exc_eb,0.021
8,0.99,1.5867183496832413,exc_kl,0.021
8,0.99,1.5867183496832413,binom,0.723
8,0.99,1.762355288076695,exc_pb,0.03266666666666666
8,0.99,1.762355288076695,exc_eb,0.06133333333333333
8,0.99,1.762355288076695,exc_kl,0.03266666666666666
8,0.99,1.762355288076695,binom,0.7966666666666666
8,0.99,1.9574338205844317,exc_pb,0.042666666666666665
8,0.99,1.9574338205844317,exc_eb,0.07
8,0.99,1.9574338205844317,exc_kl,0.07
8,0.99,1.9574338205844317,binom,0.845
8,0.99,2.1741059750495793,exc_pb,0.074
8,0.99,2.1741059750495793,exc_eb,0.11233333333333333
8,0.99,2.1741059750495793,exc_kl,0.074
8,0.99,2.1741059750495793,binom,0.888
8,0.99,2.414761991460339,exc_pb,0.11033333333333334
8,0.99,2.414761991460339,exc_eb,0.21666666666666667
8,0.99,2.414761991460339,exc_kl,0.11033333333333334
8,0.99,2.414761991460339,binom,0.926
8,0.99,2.68205669011536,exc_pb,0.178
8,0.99,2.68205669011536,exc_eb,0.30833333333333335
8,0.99,2.68205669011536,exc_kl,0.178
8,0.99,2.68205669011536,binom,0.9453333333333334
8,0.99,2.9789387585325953,exc_pb,0.32166666666666666
8,0.99,2.9789387585325953,exc_eb,0.39166666666666666
8,0.99,2.9789387585325953,exc_kl,0.256
8,0.99,2.9789387585325953,binom,0.98
8,0.99,3.3086832801830264,exc_pb,0.4266666666666667
8,0.99,3.3086832801830264,exc_eb,0.49433333333333335
8,0.99,3.3086832801830264,exc_kl,0.30533333333333335
8,0.99,3.3086832801830264,binom,0.9866666666666667
8,0.99,3.674927863893153,exc_pb,0.531
8,0.99,3.674927863893153,exc_eb,0.6543333333333333
8,0.99,3.674927863893153,exc_kl,0.4673333333333333
8,0.99,3.674927863893153,binom,0.9956666666666667
8,0.99,4.081712772481273,exc_pb,0.634
8,0.99,4.081712772481273,exc_eb,0.7846666666666666
8,0.99,4.081712772481273,exc_kl,0.5056666666666667
8,0.99,4.081712772481273,binom,0.998
8,0.99,4.533525493310514,exc_pb,0.7536666666666667
8,0.99,4.533525493310514,exc_eb,0.8613333333333333
8,0.99,4.533525493310514,exc_kl,0.655
8,0.99,4.533525493310514,binom,0.9986666666666667
8,0.99,5.035350242443017,exc_pb,0.849
8,0.99,5.035350242443017,exc_eb,0.9373333333333334
8,0.99,5.035350242443017,exc_kl,0.7796666666666666
8,0.99,5.035350242443017,binom,0.9993333333333333
8,0.99,5.592722948505175,exc_pb,0.911
8,0.99,5.592722948505175,exc_eb,0.969
8,0.99,5.592722948505175,exc_kl,0.8436666666666667
8,0.99,5.592722948505175,binom,1.0
8,0.99,6.211792322823781,exc_pb,0.979
8,0.99,6.211792322823781,exc_eb,0.989
8,0.99,6.211792322823781,exc_kl,0.932
8,0.99,6.211792322823781,binom,1.0
8,0.99,6.899387689534283,exc_pb,0.9863333333333333
8,0.99,6.899387689534283,exc_eb,0.9966666666666667
8,0.99,6.899387689534283,exc_kl,0.957
8,0.99,6.899387689534283,binom,1.0
8,0.99,7.66309432393553,exc_pb,0.9953333333333333
8,0.99,7.66309432393553,exc_eb,0.9983333333333333
8,0.99,7.66309432393553,exc_kl,0.984
8,0.99,7.66309432393553,binom,1.0
8,0.99,8.511337130193478,exc_pb,0.999
8,0.99,8.511337130193478,exc_eb,1.0
8,0.99,8.511337130193478,exc_kl,0.996
8,0.99,8.511337130193478,binom,1.0
8,0.99,9.453473581492563,exc_pb,0.9996666666666667
8,0.99,9.453473581492563,exc_eb,1.0
8,0.99,9.453473581492563,exc_kl,0.9986666666666667
8,0.99,9.453473581492563,binom,1.0
8,0.99,10.499896947913088,exc_pb,1.0
8,0.99,10.499896947913088,exc_eb,1.0
8,0.99,10.499896947913088,exc_kl,0.999
8,0.99,10.499896947913088,binom,1.0
8,0.99,11.662150950803003,exc_pb,1.0
8,0.99,11.662150950803003,exc_eb,1.0
8,0.99,11.662150950803003,exc_kl,1.0
8,0.99,11.662150950803003,binom,1.0
8,0.99,12.953057108464982,exc_pb,1.0
8,0.99,12.953057108464982,exc_eb,1.0
8,0.99,12.953057108464982,exc_kl,1.0
8,0.99,12.953057108464982,binom,1.0
8,0.99,14.386856177985118,exc_pb,1.0
8,0.99,14.386856177985118,exc_eb,1.0
8,0.99,14.386856177985118,exc_kl,1.0
8,0.99,14.386856177985118,binom,1.0
8,0.99,15.979365253532583,exc_pb,1.0
8,0.99,15.979365253532583,exc_eb,1.0
8,0.99,15.979365253532583,exc_kl,1.0
8,0.99,15.979365253532583,binom,1.0
8,0.99,17.74815225417544,exc_pb,1.0
8,0.99,17.74815225417544,exc_eb,1.0
8,0.99,17.74815225417544,exc_kl,1.0
8,0.99,17.74815225417544,binom,1.0
8,0.99,19.71272972609196,exc_pb,1.0
8,0.99,19.71272972609196,exc_eb,1.0
8,0.99,19.71272972609196,exc_kl,1.0
8,0.99,19.71272972609196,binom,1.0
8,0.99,21.894770097125424,exc_pb,1.0
8,0.99,21.894770097125424,exc_eb,1.0
8,0.99,21.894770097125424,exc_kl,1.0
8,0.99,21.894770097125424,binom,1.0
8,0.99,24.318344758284002,exc_pb,1.0
8,0.99,24.318344758284002,exc_eb,1.0
8,0.99,24.318344758284002,exc_kl,1.0
8,0.99,24.318344758284002,binom,1.0
8,0.99,27.01018960963659,exc_pb,1.0
8,0.99,27.01018960963659,exc_eb,1.0
8,0.99,27.01018960963659,exc_kl,1.0
8,0.99,27.01018960963659,binom,1.0
8,0.99,30.0,exc_pb,1.0
8,0.99,30.0,exc_eb,1.0
8,0.99,30.0,exc_kl,1.0
8,0.99,30.0,binom,1.0
32,0.9,0.5,exc_pb,0.0
32,0.9,0.5,exc_eb,0.0
32,0.9,0.5,exc_kl,0.0013333333333333333
32,0.9,0.5,binom,0.113
32,0.9,0.5553459719012251,exc_pb,0.0
32,0.9,0.5553459719012251,exc_eb,0.0
32,0.9,0.5553459719012251,exc_kl,0.002
32,0.9,0.5553459719012251,binom,0.14366666666666666
32,0.9,0.6168182970138327,exc_pb,0.0
32,0.9,0.6168182970138327,exc_eb,0.0
32,0.9,0.6168182970138327,exc_kl,0.0013333333333333333
32,0.9,0.6168182970138327,binom,0.17733333333333334
32,0.9,0.685095113283211,exc_pb,0.0
32,0.9,0.685095113283211,exc_eb,0.0
32,0.9,0.685095113283211,exc_kl,0.001
32,0.9,0.685095113283211,binom,0.21666666666666667
32,0.9,0.7609296230620896,exc_pb,0.0
32,0.9,0.7609296230620896,exc_eb,0.0
32,0.9,0.7609296230620896,exc_kl,0.0033333333333333335
32,0.9,0.7609296230620896,binom,0.25866666666666666
32,0.9,0.8451584021356982,exc_pb,0.0
32,0.9,0.8451584021356982,exc_eb,0.0
32,0.9,0.8451584021356982,exc_kl,0.005
32,0.9,0.8451584021356982,binom,0.31733333333333336
32,0.9,0.9387106284890715,exc_pb,0.0
32,0.9,0.9387106284890715,exc_eb,0.0
32,0.9,0.9387106284890715,exc_kl,0.007666666666666666
32,0.9,0.9387106284890715,binom,0.391
32,0.9,1.0426183326245466,exc_pb,0.0
32,0.9,1.0426183326245466,exc_eb,0.0
32,0.9,1.0426183326245466,exc_kl,0.007
32,0.9,1.0426183326245466,binom,0.462
32,0.9,1.1580277825068275,exc_pb,0.0016666666666666668
32,0.9,1.1580277825068275,exc_eb,0.0016666666666666668
32,0.9,1.1580277825068275,exc_kl,0.019666666666666666
32,0.9,1.1580277825068275,binom,0.5556666666666666
32,0.9,1.2862121287297494,exc_pb,0.0023333333333333335
32,0.9,1.2862121287297494,exc_eb,0.0023333333333333335
32,0.9,1.2862121287297494,exc_kl,0.028333333333333332
32,0.9,1.2862121287297494,binom,0.6213333333333333
32,0.9,1.4285854494011327,exc_pb,0.006
32,0.9,1.4285854494011327,exc_eb,0.006
32,0.9,1.4285854494011327,exc_kl,0.04766666666666667
32,0.9,1.4285854494011327,binom,0.691
32,0.9,1.5867183496832413,exc_pb,0.015333333333333332
32,0.9,1.5867183496832413,exc_eb,0.015333333333333332
32,0.9,1.5867183496832413,exc_kl,0.05433333333333333
32,0.9,1.5867183496832413,binom,0.7686666666666667
32,0.9,1.762355288076695,exc_pb,0.033666666666666664
32,0.9,1.762355288076695,exc_eb,0.033666666666666664
32,0.9,1.762355288076695,exc_kl,0.084
32,0.9,1.762355288076695,binom,0.8333333333333334
32,0.9,1.9574338205844317,exc_pb,0.054
32,0.9,1.9574338205844317,exc_eb,0.054
32,0.9,1.9574338205844317,exc_kl,0.12
32,0.9,1.9574338205844317,binom,0.878
32,0.9,2.1741059750495793,exc_pb,0.10133333333333333
32,0.9,2.1741059750495793,exc_eb,0.10133333333333333
32,0.9,2.1741059750495793,exc_kl,0.19433333333333333
32,0.9,2.1741059750495793,binom,0.9263333333333333
32,0.9,2.414761991460339,exc_pb,0.154
32,0.9,2.414761991460339,exc_eb,0.20133333333333334
32,0.9,2.414761991460339,exc_kl,0.259
32,0.9,2.414761991460339,binom,0.9546666666666667
32,0.9,2.68205669011536,exc_pb,0.24533333333333332
32,0.9,2.68205669011536,exc_eb,0.30266666666666664
32,0.9,2.68205669011536,exc_kl,0.36766666666666664
32,0.9,2.68205669011536,binom,0.9773333333333334
32,0.9,2.9789387585325953,exc_pb,0.395
32,0.9,2.9789387585325953,exc_eb,0.458
32,0.9,2.9789387585325953,exc_kl,0.458
32,0.9,2.9789387585325953,binom,0.9876666666666667
32,0.9,3.3086832801830264,exc_pb,0.5466666666666666
32,0.9,3.3086832801830264,exc_eb,0.5466666666666666
32,0.9,3.3086832801830264,exc_kl,0.5466666666666666
32,0.9,3.3086832801830264,binom,0.9933333333333333
32,0.9,3.674927863893153,exc_pb,0.68
32,0.9,3.674927863893153,exc_eb,0.7226666666666667
32,0.9,3.674927863893153,exc_kl,0.68
32,0.9,3.674927863893153,binom,0.9986666666666667
32,0.9,4.081712772481273,exc_pb,0.748
32,0.9,4.081712772481273,exc_eb,0.8276666666666667
32,0.9,4.081712772481273,exc_kl,0.7956666666666666
32,0.9,4.081712772481273,binom,0.9996666666666667
32,0.9,4.533525493310514,exc_pb,0.8776666666666667
32,0.9,4.533525493310514,exc_eb,0.9193333333333333
32,0.9,4.533525493310514,exc_kl,0.8506666666666667
32,0.9,4.533525493310514,binom,0.9996666666666667
32,0.9,5.035350242443017,exc_pb,0.9366666666666666
32,0.9,5.035350242443017,exc_eb,0.9606666666666667
32,0.9,5.035350242443017,exc_kl,0.9193333333333333
32,0.9,5.035350242443017,binom,1.0
32,0.9,5.592722948505175,exc_pb,0.9803333333333333
32,0.9,5.592722948505175,exc_eb,0.988
32,0.9,5.592722948505175,exc_kl,0.975
32,0.9,5.592722948505175,binom,1.0
32,0.9,6.211792322823781,exc_pb,0.9926666666666667
32,0.9,6.211792322823781,exc_eb,0.9966666666666667
32,0.9,6.211792322823781,exc_kl,0.9876666666666667
32,0.9,6.211792322823781,binom,1.0
32,0.9,6.899387689534283,exc_pb,0.9973333333333333
32,0.9,6.899387689534283,exc_eb,0.9993333333333333
32,0.9,6.899387689534283,exc_kl,0.9946666666666667
32,0.9,6.899387689534283,binom,1.0
32,0.9,7.66309432393553,exc_pb,0.9993333333333333
32,0.9,7.66309432393553,exc_eb,0.9996666666666667
32,0.9,7.66309432393553,exc_kl,0.9976666666666667
32,0.9,7.66309432393553,binom,1.0
32,0.9,8.511337130193478,exc_pb,1.0
32,0.9,8.511337130193478,exc_eb,1.0
32,0.9,8.511337130193478,exc_kl,0.9996666666666667
32,0.9,8.511337130193478,binom,1.0
32,0.9,9.453473581492563,exc_pb,1.0
32,0.9,9.453473581492563,exc_eb,1.0
32,0.9,9.453473581492563,exc_kl,1.0
32,0.9,9.453473581492563,binom,1.0
32,0.9,10.499896947913088,exc_pb,1.0
32,0.9,10.499896947913088,exc_eb,1.0
32,0.9,10.499896947913088,exc_kl,1.0
32,0.9,10.499896947913088,binom,1.0
32,0.9,11.662150950803003,exc_pb,1.0
32,0.9,11.662150950803003,exc_eb,1.0
32,0.9,11.662150950803003,exc_kl,1.0
32,0.9,11.662150950803003,binom,1.0
32,0.9,12.953057108464982,exc_pb,1.0
32,0.9,12.953057108464982,exc_eb,1.0
32,0.9,12.953057108464982,exc_kl,1.0
32,0.9,12.953057108464982,binom,1.0
32,0.9,14.386856177985118,exc_pb,1.0
32,0.9,14.386856177985118,exc_eb,1.0
32,0.9,14.386856177985118,exc_kl,1.0
32,0.9,14.386856177985118,binom,1.0
32,0.9,15.979365253532583,exc_pb,1.0
32,0.9,15.979365253532583,exc_eb,1.0
32,0.9,15.979365253532583,exc_kl,1.0
32,0.9,15.979365253532583,binom,1.0
32,0.9,17.74815225417544,exc_pb,1.0
32,0.9,17.74815225417544,exc_eb,1.0
32,0.9,17.74815225417544,exc_kl,1.0
32,0.9,17.74815225417544,binom,1.0
32,0.9,19.71272972609196,exc_pb,1.0
32,0.9,19.71272972609196,exc_eb,1.0
32,0.9,19.71272972609196,exc_kl,1.0
32,0.9,19.71272972609196,binom,1.0
32,0.9,21.894770097125424,exc_pb,1.0
32,0.9,21.894770097125424,exc_eb,1.0
32,0.9,21.894770097125424,exc_kl,1.0
32,0.9,21.894770097125424,binom,1.0
32,0.9,24.318344758284002,exc_pb,1.0
32,0.9,24.318344758284002,exc_eb,1.0
32,0.9,24.318344758284002,exc_kl,1.0
32,0.9,24.318344758284002,binom,1.0
32,0.9,27.01018960963659,exc_pb,1.0
32,0.9,27.01018960963659,exc_eb,1.0
32,0.9,27.01018960963659,exc_kl,1.0
32,0.9,27.01018960963659,binom,1.0
32,0.9,30.0,exc_pb,1.0
32,0.9,30.0,exc_eb,1.0
32,0.9,30.0,exc_kl,1.0
32,0.9,30.0,binom,1.0
32,0.95,0.5,exc_pb,0.0
32,0.95,0.5,exc_eb,0.0
32,0.95,0.5,exc_kl,0.0006666666666666666
32,0.95,0.5,binom,0.106
32,0.95,0.5553459719012251,exc_pb,0.0
32,0.95,0.5553459719012251,exc_eb,0.0
32,0.95,0.5553459719012251,exc_kl,0.0
32,0.95,0.5553459719012251,binom,0.13666666666666666
32,0.95,0.6168182970138327,exc_pb,0.0
32,0.95,0.6168182970138327,exc_eb,0.0
32,0.95,0.6168182970138327,exc_kl,0.002
32,0.95,0.6168182970138327,binom,0.172
32,0.95,0.685095113283211,exc_pb,0.0
32,0.95,0.685095113283211,exc_eb,0.0003333333333333333
32,0.95,0.685095113283211,exc_kl,0.0026666666666666666
32,0.95,0.685095113283211,binom,0.198
32,0.95,0.7609296230620896,exc_pb,0.0
32,0.95,0.7609296230620896,exc_eb,0.0
32,0.95,0.7609296230620896,exc_kl,0.0033333333333333335
32,0.95,0.7609296230620896,binom,0.255
32,0.95,0.8451584021356982,exc_pb,0.0
32,0.95,0.8451584021356982,exc_eb,0.0003333333333333333
32,0.95,0.8451584021356982,exc_kl,0.005333333333333333
32,0.95,0.8451584021356982,binom,0.294
32,0.95,0.9387106284890715,exc_pb,0.0
32,0.95,0.9387106284890715,exc_eb,0.0006666666666666666
32,0.95,0.9387106284890715,exc_kl,0.010333333333333333
32,0.95,0.9387106284890715,binom,0.37966666666666665
32,0.95,1.0426183326245466,exc_pb,0.0006666666666666666
32,0.95,1.0426183326245466,exc_eb,0.0006666666666666666
32,0.95,1.0426183326245466,exc_kl,0.009
32,0.95,1.0426183326245466,binom,0.435
32,0.95,1.1580277825068275,exc_pb,0.0003333333333333333
32,0.95,1.1580277825068275,exc_eb,0.0003333333333333333
32,0.95,1.1580277825068275,exc_kl,0.017333333333333333
32,0.95,1.1580277825068275,binom,0.5253333333333333
32,0.95,1.2862121287297494,exc_pb,0.002
32,0.95,1.2862121287297494,exc_eb,0.002
32,0.95,1.2862121287297494,exc_kl,0.03233333333333333
32,0.95,1.2862121287297494,binom,0.603
32,0.95,1.4285854494011327,exc_pb,0.005
32,0.95,1.4285854494011327,exc_eb,0.005
32,0.95,1.4285854494011327,exc_kl,0.043666666666666666
32,0.95,1.4285854494011327,binom,0.6773333333333333
32,0.95,1.5867183496832413,exc_pb,0.013666666666666667
32,0.95,1.5867183496832413,exc_eb,0.013666666666666667
32,0.95,1.5867183496832413,exc_kl,0.049
32,0.95,1.5867183496832413,binom,0.7406666666666667
32,0.95,1.762355288076695,exc_pb,0.034
32,0.95,1.762355288076695,exc_eb,0.034
32,0.95,1.762355288076695,exc_kl,0.08566666666666667
32,0.95,1.762355288076695,binom,0.8126666666666666
32,0.95,1.9574338205844317,exc_pb,0.051333333333333335
32,0.95,1.9574338205844317,exc_eb,0.051333333333333335
32,0.95,1.9574338205844317,exc_kl,0.116
32,0.95,1.9574338205844317,binom,0.8736666666666667
32,0.95,2.1741059750495793,exc_pb,0.10733333333333334
32,0.95,2.1741059750495793,exc_eb,0.10733333333333334
32,0.95,2.1741059750495793,exc_kl,0.148
32,0.95,2.1741059750495793,binom,0.9113333333333333
32,0.95,2.414761991460339,exc_pb,0.147
32,0.95,2.414761991460339,exc_eb,0.20233333333333334
32,0.95,2.414761991460339,exc_kl,0.20233333333333334
32,0.95,2.414761991460339,binom,0.9433333333333334
32,0.95,2.68205669011536,exc_pb,0.242
32,0.95,2.68205669011536,exc_eb,0.298
32,0.95,2.68205669011536,exc_kl,0.298
32,0.95,2.68205669011536,binom,0.971
32,0.95,2.9789387585325953,exc_pb,0.381
32,0.95,2.9789387585325953,exc_eb,0.4483333333333333
32,0.95,2.9789387585325953,exc_kl,0.381
32,0.95,2.9789387585325953,binom,0.9836666666666667
32,0.95,3.3086832801830264,exc_pb,0.549
32,0.95,3.3086832801830264,exc_eb,0.549
32,0.95,3.3086832801830264,exc_kl,0.549
32,0.95,3.3086832801830264,binom,0.9956666666666667
32,0.95,3.674927863893153,exc_pb,0.6763333333333333
32,0.95,3.674927863893153,exc_eb,0.725
32,0.95,3.674927863893153,exc_kl,0.6233333333333333
32,0.95,3.674927863893153,binom,0.997
32,0.95,4.081712772481273,exc_pb,0.749
32,0.95,4.081712772481273,exc_eb,0.8156666666666667
32,0.95,4.081712772481273,exc_kl,0.749
32,0.95,4.081712772481273,binom,0.9996666666666667
32,0.95,4.533525493310514,exc_pb,0.8823333333333333
32,0.95,4.533525493310514,exc_eb,0.926
32,0.95,4.533525493310514,exc_kl,0.8533333333333334
32,0.95,4.533525493310514,binom,0.9993333333333333
32,0.95,5.035350242443017,exc_pb,0.9303333333333333
32,0.95,5.035350242443017,exc_eb,0.9573333333333334
32,0.95,5.035350242443017,exc_kl,0.91
32,0.95,5.035350242443017,binom,0.9996666666666667
32,0.95,5.592722948505175,exc_pb,0.9733333333333334
32,0.95,5.592722948505175,exc_eb,0.987
32,0.95,5.592722948505175,exc_kl,0.9596666666666667
32,0.95,5.592722948505175,binom,1.0
32,0.95,6.211792322823781,exc_pb,0.9903333333333333
32,0.95,6.211792322823781,exc_eb,0.9963333333333333
32,0.95,6.211792322823781,exc_kl,0.9793333333333333
32,0.95,6.211792322823781,binom,1.0
32,0.95,6.899387689534283,exc_pb,0.9983333333333333
32,0.95,6.899387689534283,exc_eb,0.999
32,0.95,6.899387689534283,exc_kl,0.9963333333333333
32,0.95,6.899387689534283,binom,1.0
32,0.95,7.66309432393553,exc_pb,0.9993333333333333
32,0.95,7.66309432393553,exc_eb,0.9996666666666667
32,0.95,7.66309432393553,exc_kl,0.998
32,0.95,7.66309432393553,binom,1.0
32,0.95,8.511337130193478,exc_pb,0.9996666666666667
32,0.95,8.511337130193478,exc_eb,1.0
32,0.95,8.511337130193478,exc_kl,0.999
32,0.95,8.511337130193478,binom,1.0
32,0.95,9.453473581492563,exc_pb,1.0
32,0.95,9.453473581492563,exc_eb,1.0
32,0.95,9.453473581492563,exc_kl,1.0
32,0.95,9.453473581492563,binom,1.0
32,0.95,10.499896947913088,exc_pb,1.0
32,0.95,10.499896947913088,exc_eb,1.0
32,0.95,10.499896947913088,exc_kl,1.0
32,0.95,10.499896947913088,binom,1.0
32,0.95,11.662150950803003,exc_pb,1.0
32,0.95,11.662150950803003,exc_eb,1.0
32,0.95,11.662150950803003,exc_kl,1.0
32,0.95,11.662150950803003,binom,1.0
32,0.95,12.953057108464982,exc_pb,1.0
32,0.95,12.953057108464982,exc_eb,1.0
32,0.95,12.953057108464982,exc_kl,1.0
32,0.95,12.953057108464982,binom,1.0
32,0.95,14.386856177985118,exc_pb,1.0
32,0.95,14.386856177985118,exc_eb,1.0
32,0.95,14.386856177985118,exc_kl,1.0
32,0.95,14.386856177985118,binom,1.0
32,0.95,15.979365253532583,exc_pb,1.0
32,0.95,15.979365253532583,exc_eb,1.0
32,0.95,15.979365253532583,exc_kl,1.0
32,0.95,15.979365253532583,binom,1.0
32,0.95,17.74815225417544,exc_pb,1.0
32,0.95,17.74815225417544,exc_eb,1.0
32,0.95,17.74815225417544,exc_kl,1.0
32,0.95,17.74815225417544,binom,1.0
32,0.95,19.71272972609196,exc_pb,1.0
32,0.95,19.71272972609196,exc_eb,1.0
32,0.95,19.71272972609196,exc_kl,1.0
32,0.95,19.71272972609196,binom,1.0
32,0.95,21.894770097125424,exc_pb,1.0
32,0.95,21.894770097125424,exc_eb,1.0
32,0.95,21.894770097125424,exc_kl,1.0
32,0.95,21.894770097125424,binom,1.0
32,0.95,24.318344758284002,exc_pb,1.0
32,0.95,24.318344758284002,exc_eb,1.0
32,0.95,24.318344758284002,exc_kl,1.0
32,0.95,24.318344758284002,binom,1.0
32,0.95,27.01018960963659,exc_pb,1.0
32,0.95,27.01018960963659,exc_eb,1.0
32,0.95,27.01018960963659,exc_kl,1.0
32,0.95,27.01018960963659,binom,1.0
32,0.95,30.0,exc_pb,1.0
32,0.95,30.0,exc_eb,1.0
32,0.95,30.0,exc_kl,1.0
32,0.95,30.0,binom,1.0
32,0.99,0.5,exc_pb,0.0
32,0.99,0.5,exc_eb,0.0
32,0.99,0.5,exc_kl,0.001
32,0.99,0.5,binom,0.108
32,0.99,0.5553459719012251,exc_pb,0.0
32,0.99,0.5553459719012251,exc_eb,0.0
32,0.99,0.5553459719012251,exc_kl,0.0016666666666666668
32,0.99,0.5553459719012251,binom,0.13566666666666666
32,0.99,0.6168182970138327,exc_pb,0.0
32,0.99,0.6168182970138327,exc_eb,0.0
32,0.99,0.6168182970138327,exc_kl,0.0
32,0.99,0.6168182970138327,binom,0.15166666666666667
32,0.99,0.685095113283211,exc_pb,0.0
32,0.99,0.685095113283211,exc_eb,0.0
32,0.99,0.685095113283211,exc_kl,0.0006666666666666666
32,0.99,0.685095113283211,binom,0.19933333333333333
32,0.99,0.7609296230620896,exc_pb,0.0
32,0.99,0.7609296230620896,exc_eb,0.0
32,0.99,0.7609296230620896,exc_kl,0.001
32,0.99,0.7609296230620896,binom,0.235
32,0.99,0.8451584021356982,exc_pb,0.0
32,0.99,0.8451584021356982,exc_eb,0.0003333333333333333
32,0.99,0.8451584021356982,exc_kl,0.002
32,0.99,0.8451584021356982,binom,0.292
32,0.99,0.9387106284890715,exc_pb,0.0003333333333333333
32,0.99,0.9387106284890715,exc_eb,0.0003333333333333333
32,0.99,0.9387106284890715,exc_kl,0.0013333333333333333
32,0.99,0.9387106284890715,binom,0.335
32,0.99,1.0426183326245466,exc_pb,0.0006666666666666666
32,0.99,1.0426183326245466,exc_eb,0.0006666666666666666
32,0.99,1.0426183326245466,exc_kl,0.005666666666666667
32,0.99,1.0426183326245466,binom,0.41433333333333333
32,0.99,1.1580277825068275,exc_pb,0.0016666666666666668
32,0.99,1.1580277825068275,exc_eb,0.0016666666666666668
32,0.99,1.1580277825068275,exc_kl,0.008666666666666666
32,0.99,1.1580277825068275,binom,0.47833333333333333
32,0.99,1.2862121287297494,exc_pb,0.004
32,0.99,1.2862121287297494,exc_eb,0.004
32,0.99,1.2862121287297494,exc_kl,0.018
32,0.99,1.2862121287297494,binom,0.5616666666666666
32,0.99,1.4285854494011327,exc_pb,0.005666666666666667
32,0.99,1.4285854494011327,exc_eb,0.005666666666666667
32,0.99,1.4285854494011327,exc_kl,0.02266666666666667
32,0.99,1.4285854494011327,binom,0.6373333333333333
32,0.99,1.5867183496832413,exc_pb,0.015
32,0.99,1.5867183496832413,exc_eb,0.015
32,0.99,1.5867183496832413,exc_kl,0.03266666666666666
32,0.99,1.5867183496832413,binom,0.7396666666666667
32,0.99,1.762355288076695,exc_pb,0.033
32,0.99,1.762355288076695,exc_eb,0.033
32,0.99,1.762355288076695,exc_kl,0.05333333333333334
32,0.99,1.762355288076695,binom,0.783
32,0.99,1.9574338205844317,exc_pb,0.05633333333333333
32,0.99,1.9574338205844317,exc_eb,0.05633333333333333
32,0.99,1.9574338205844317,exc_kl,0.081
32,0.99,1.9574338205844317,binom,0.8593333333333333
32,0.99,2.1741059750495793,exc_pb,0.09933333333333333
32,0.99,2.1741059750495793,exc_eb,0.09933333333333333
32,0.99,2.1741059750495793,exc_kl,0.13633333333333333
32,0.99,2.1741059750495793,binom,0.8946666666666667
32,0.99,2.414761991460339,exc_pb,0.13966666666666666
32,0.99,2.414761991460339,exc_eb,0.19133333333333333
32,0.99,2.414761991460339,exc_kl,0.19133333333333333
32,0.99,2.414761991460339,binom,0.9306666666666666
32,0.99,2.68205669011536,exc_pb,0.25433333333333336
32,0.99,2.68205669011536,exc_eb,0.31266666666666665
32,0.99,2.68205669011536,exc_kl,0.25433333333333336
32,0.99,2.68205669011536,binom,0.9623333333333334
32,0.99,2.9789387585325953,exc_pb,0.397
32,0.99,2.9789387585325953,exc_eb,0.4543333333333333
32,0.99,2.9789387585325953,exc_kl,0.33
32,0.99,2.9789387585325953,binom,0.9813333333333333
32,0.99,3.3086832801830264,exc_pb,0.5546666666666666
32,0.99,3.3086832801830264,exc_eb,0.5546666666666666
32,0.99,3.3086832801830264,exc_kl,0.424
32,0.99,3.3086832801830264,binom,0.9913333333333333
32,0.99,3.674927863893153,exc_pb,0.6733333333333333
32,0.99,3.674927863893153,exc_eb,0.7246666666666667
32,0.99,3.674927863893153,exc_kl,0.559
32,0.99,3.674927863893153,binom,0.9973333333333333
32,0.99,4.081712772481273,exc_pb,0.74
32,0.99,4.081712772481273,exc_eb,0.819
32,0.99,4.081712772481273,exc_kl,0.6996666666666667
32,0.99,4.081712772481273,binom,0.999
32,0.99,4.533525493310514,exc_pb,0.885
32,0.99,4.533525493310514,exc_eb,0.9236666666666666
32,0.99,4.533525493310514,exc_kl,0.79
32,0.99,4.533525493310514,binom,1.0
32,0.99,5.035350242443017,exc_pb,0.9323333333333333
32,0.99,5.035350242443017,exc_eb,0.9606666666666667
32,0.99,5.035350242443017,exc_kl,0.8826666666666667
32,0.99,5.035350242443017,binom,0.9996666666666667
32,0.99,5.592722948505175,exc_pb,0.9763333333333334
32,0.99,5.592722948505175,exc_eb,0.9853333333333333
32,0.99,5.592722948505175,exc_kl,0.9376666666666666
32,0.99,5.592722948505175,binom,1.0
32,0.99,6.211792322823781,exc_pb,0.9943333333333333
32,0.99,6.211792322823781,exc_eb,0.9966666666666667
32,0.99,6.211792322823781,exc_kl,0.978
32,0.99,6.211792322823781,binom,1.0
32,0.99,6.899387689534283,exc_pb,0.996
32,0.99,6.899387689534283,exc_eb,0.999
32,0.99,6.899387689534283,exc_kl,0.989
32,0.99,6.899387689534283,binom,1.0
32,0.99,7.66309432393553,exc_pb,0.9996666666666667
32,0.99,7.66309432393553,exc_eb,1.0
32,0.99,7.66309432393553,exc_kl,0.9986666666666667
32,0.99,7.66309432393553,binom,1.0
32,0.99,8.511337130193478,exc_pb,1.0
32,0.99,8.511337130193478,exc_eb,1.0
32,0.99,8.511337130193478,exc_kl,0.9996666666666667
32,0.99,8.511337130193478,binom,1.0
32,0.99,9.453473581492563,exc_pb,1.0
32,0.99,9.453473581492563,exc_eb,1.0
32,0.99,9.453473581492563,exc_kl,1.0
32,0.99,9.453473581492563,binom,1.0
32,0.99,10.499896947913088,exc_pb,1.0
32,0.99,10.499896947913088,exc_eb,1.0
32,0.99,10.499896947913088,exc_kl,1.0
32,0.99,10.499896947913088,binom,1.0
32,0.99,11.662150950803003,exc_pb,1.0
32,0.99,11.662150950803003,exc_eb,1.0
32,0.99,11.662150950803003,exc_kl,1.0
32,0.99,11.662150950803003,binom,1.0
32,0.99,12.953057108464982,exc_pb,1.0
32,0.99,12.953057108464982,exc_eb,1.0
32,0.99,12.953057108464982,exc_kl,1.0
32,0.99,12.953057108464982,binom,1.0
32,0.99,14.386856177985118,exc_pb,1.0
32,0.99,14.386856177985118,exc_eb,1.0
32,0.99,14.386856177985118,exc_kl,1.0
32,0.99,14.386856177985118,binom,1.0
32,0.99,15.979365253532583,exc_pb,1.0
32,0.99,15.979365253532583,exc_eb,1.0
32,0.99,15.979365253532583,exc_kl,1.0
32,0.99,15.979365253532583,binom,1.0
32,0.99,17.74815225417544,exc_pb,1.0
32,0.99,17.74815225417544,exc_eb,1.0
32,0.99,17.74815225417544,exc_kl,1.0
32,0.99,17.74815225417544,binom,1.0
32,0.99,19.71272972609196,exc_pb,1.0
32,0.99,19.71272972609196,exc_eb,1.0
32,0.99,19.71272972609196,exc_kl,1.0
32,0.99,19.71272972609196,binom,1.0
32,0.99,21.894770097125424,exc_pb,1.0
32,0.99,21.894770097125424,exc_eb,1.0
32,0.99,21.894770097125424,exc_kl,1.0
32,0.99,21.894770097125424,binom,1.0
32,0.99,24.318344758284002,exc_pb,1.0
32,0.99,24.318344758284002,exc_eb,1.0
32,0.99,24.318344758284002,exc_kl,1.0
32,0.99,24.318344758284002,binom,1.0
32,0.99,27.01018960963659,exc_pb,1.0
32,0.99,27.01018960963659,exc_eb,1.0
32,0.99,27.01018960963659,exc_kl,1.0
32,0.99,27.01018960963659,binom,1.0
32,0.99,30.0,exc_pb,1.0
32,0.99,30.0,exc_eb,1.0
32,0.99,30.0,exc_kl,1.0
32,0.99,30.0,binom,1.0
