K,p,exc,exc_bet,exc_eb,cdf,cdf_eb,split,binom,ceiling,naive,cdf/exc,cdf_eb/exc_bet,exc_bet/binom,cdf_eb/exc,exc/binom,exc/ceiling,split/exc
2,0.9,6.6860536298043245,3.7715877952767314,5.3197882738418185,74.8356162786637,48.92550452040574,12.420915890936383,2.1217496107366247,1.620486427256801,3.2523341102628742,11.192793301129091,12.972123990240016,1.777583828078243,7.317545929083073,3.151198235631147,4.125954724053221,1.8577350076236072
2,0.95,6.728180719152881,3.7959388137373424,5.353396377648039,148.44725362283998,99.58501043962268,12.531869508494204,2.230980175324853,1.6847135419098662,3.2818098797838693,22.06350569631108,26.234619504199785,1.7014668510824467,14.801179486177809,3.0157958343010334,3.993664532146822,1.8625940698679748
2,0.99,6.665927441329858,3.71676845224368,5.272313574948215,748.9938004284306,499.9800951909828,12.715323127517749,2.2330253520178136,1.732509472931309,3.232303230587476,112.36152913764776,134.52010842622244,1.6644542118096068,75.00533115482523,2.985155289574465,3.847556129116848,1.9075099810838974
8,0.9,5.378790108147496,3.3347684804059807,5.029831677285367,63.922071850640904,44.76752163239971,9.131161633508132,2.123198203041924,1.1781313035408314,2.2778865249542233,11.88409857336044,13.424476660205698,1.5706345623447824,8.322972403141058,2.533343378136463,4.565526857644589,1.697623712752195
8,0.95,5.359612998088782,3.4167271145322253,5.0017867777852105,127.32950257622169,88.09844192937754,9.081939990056306,2.1533889319852917,1.2237402721139476,2.221603807542946,23.75721952716118,25.78445365293355,1.5866744106380326,16.437463294605994,2.4889201009998456,4.37969814365129,1.6945141362435856
8,0.99,5.305420752971263,3.392303504178243,4.9841242784838915,643.6877160059338,430.1944393266883,9.229090114063654,2.254480388543619,1.2584887237317697,2.257106814532475,121.32642178199364,126.81484389495961,1.5046941731747112,81.08582888280087,2.353278733286535,4.215707819168385,1.7395585654342247
32,0.9,5.0036166263017225,3.176429338423099,4.731224755345588,53.85554729137315,39.18153650205102,6.922131421524021,2.0478715452498837,0.9201826919906987,1.7700779179633859,10.763324074086569,12.335088342151577,1.5510881753257173,7.83064319838007,2.443325431181366,5.437633928407229,1.3834256176097794
32,0.95,4.950063118172193,3.1379761885768302,4.688483075776426,111.38921318615634,81.68461398892904,6.9019323194702755,2.1718050363677115,0.9519476445928147,1.7739538774192751,22.50258441700168,26.030985922163914,1.444870113122592,16.50173180399587,2.279239174456952,5.199932103713045,1.3943119824336319
32,0.99,4.956552948971005,3.24653075604573,4.70739559688431,546.702005713396,394.6417022518657,6.945663973326403,2.298494327370546,0.9767339606038311,1.7935074988197628,110.29883294737988,121.55797431364512,1.412459764370934,79.62019296773465,2.156434710300656,5.074619240132484,1.4013093464013824
