action,p,tau,P_exceed_dev,P_exceed_eval,trunc_eval,acc_eval,mean_Y_eval,q_p_Y_eval
q1.7b_nothink,0.9,2161.0,0.05119047619047619,0.05459183673469388,0.0064285714285714285,0.7879591836734694,687.5060204081633,1440.0
q1.7b_nothink,0.95,3509.0,0.025476190476190475,0.02346938775510204,0.0064285714285714285,0.7879591836734694,687.5060204081633,2297.2999999999956
q1.7b_think,0.9,2161.0,0.5661904761904762,0.5628571428571428,0.12346938775510204,0.8359183673469388,3446.76,8192.0
q1.7b_think,0.95,3509.0,0.3569047619047619,0.36673469387755103,0.12346938775510204,0.8359183673469388,3446.76,8192.0
q8b_nothink,0.9,2161.0,0.049761904761904764,0.052653061224489796,0.009795918367346938,0.8954081632653061,709.4439795918368,1381.2000000000007
q8b_nothink,0.95,3509.0,0.025,0.025408163265306122,0.009795918367346938,0.8954081632653061,709.4439795918368,2227.0999999999985
q8b_think,0.9,2161.0,0.6052380952380952,0.601326530612245,0.11051020408163266,0.8681632653061224,3521.220612244898,8192.0
q8b_think,0.95,3509.0,0.3757142857142857,0.37857142857142856,0.11051020408163266,0.8681632653061224,3521.220612244898,8192.0
r1d_qwen7b,0.9,2161.0,0.3819047619047619,0.3909183673469388,0.053979591836734696,0.9080612244897959,2535.2967346938776,5693.1
r1d_qwen7b,0.95,3509.0,0.2088095238095238,0.21040816326530612,0.053979591836734696,0.9080612244897959,2535.2967346938776,8192.0
q30b_nothink,0.9,2161.0,0.05119047619047619,0.05153061224489796,0.004489795918367347,0.9102040816326531,666.8156122448979,1360.0
q30b_nothink,0.95,3509.0,0.02142857142857143,0.02142857142857143,0.004489795918367347,0.9102040816326531,666.8156122448979,2200.149999999998
q30b_think,0.9,2161.0,0.5326190476190477,0.5362244897959184,0.09408163265306123,0.883265306122449,3197.3794897959183,7903.4000000000015
q30b_think,0.95,3509.0,0.32976190476190476,0.3326530612244898,0.09408163265306123,0.883265306122449,3197.3794897959183,8192.0
