j,kind,kappa,temp,action,acc_true,Ymean_true,acc_dev,frac_q1.7b_nothink,frac_q1.7b_think,frac_q8b_nothink,frac_q8b_think,frac_r1d_qwen7b,frac_q30b_nothink,frac_q30b_think,G_true_p0.9,G_dev_p0.9,q_true_p0.9,G_true_p0.95,G_dev_p0.95,q_true_p0.95,V_tau_p0.9_eps1.0,V_F_p0.9_eps1.0,V_tau_p0.95_eps1.0,V_F_p0.95_eps1.0,V_tau_p0.9_eps0.5,V_F_p0.9_eps0.5,V_tau_p0.95_eps0.5,V_F_p0.95_eps0.5,V_tau_p0.9_eps0.2,V_F_p0.9_eps0.2,V_tau_p0.95_eps0.2,V_F_p0.95_eps0.2,G_stress_p0.9,G_stress_p0.95
0,ref,,0.0,2.0,0.8954081535339355,709.4439795918368,0.8845238089561462,0.0,0.0,1.0,0.0,0.0,0.0,0.0,0.05265305936336517,0.04976190626621246,1381.0,0.02540816366672516,0.02500000037252903,2227.0,0.36857142857142855,6.631428571428572,0.17785714285714285,6.8221428571428575,0.7371428571428571,13.262857142857143,0.3557142857142857,13.644285714285715,1.8428571428571427,33.15714285714286,0.8892857142857142,34.11071428571429,0.10459184,0.05357143
1,det,0.001,0.0,,0.9140816330909729,1781.5384693877552,0.9200000166893005,0.0001020408162730746,0.0010204081190750003,0.0805102065205574,0.034183673560619354,0.23897959291934967,0.3469387888908386,0.2982653081417084,0.2554081678390503,0.27095237374305725,4263.0,0.13316325843334198,0.14047619700431824,6331.0,1.7878571428571428,5.212142857142857,0.9321428571428572,6.067857142857143,3.5757142857142856,10.423035714285714,1.8642857142857143,12.134464285714285,8.939285714285715,26.057266009852217,4.660714285714286,30.335837438423646,0.43918368,0.2569388
2,det,0.0037976961046237065,0.0,,0.9134693741798401,1559.9489795918366,0.9188095331192017,0.0002040816325461492,0.0004081632650922984,0.10336734354496002,0.016428571194410324,0.19357143342494965,0.44183674454689026,0.24418367445468903,0.21418367326259613,0.22309523820877075,3831.0,0.11306122690439224,0.12071428447961807,5941.0,1.4992857142857143,5.5007142857142854,0.7914285714285715,6.208571428571428,2.9985714285714287,10.998928571428571,1.582857142857143,12.414642857142857,7.496428571428571,27.496674876847287,3.9571428571428573,31.035960591133,0.36306122,0.2155102
3,det,0.014422495703074084,0.0,,0.9121428728103638,1026.6054081632653,0.9128571152687073,0.0005102040595375001,0.0,0.15112245082855225,0.0007142857066355646,0.0882653072476387,0.7005102038383484,0.058877550065517426,0.11877550929784775,0.1254761964082718,2534.0,0.06591836363077164,0.0716666653752327,4357.0,0.8314285714285714,6.168571428571428,0.4614285714285714,6.538571428571428,1.6628571428571428,12.330892857142857,0.9228571428571428,13.070892857142857,4.1571428571428575,30.82561576354679,2.307142857142857,32.675615763546794,0.19020408,0.11979592
4,det,0.05477225575051662,0.0,,0.9079591631889343,679.3879591836735,0.9073809385299683,0.0007142857066355646,0.0,0.17775510251522064,0.0,0.002653061179444194,0.8188775777816772,0.0,0.0525510199368,0.05095238238573074,1388.0,0.022755101323127747,0.020952381193637848,2230.0,0.3678571428571429,6.632142857142857,0.15928571428571428,6.840714285714285,0.7357142857142858,13.255535714285715,0.31857142857142856,13.672678571428571,1.8392857142857142,33.1365763546798,0.7964285714285714,34.179433497536934,0.10489796,0.053367347
5,det,0.2080083823051904,0.0,,0.9077550768852234,671.4533673469388,0.9064285755157471,0.0012244897661730647,0.0,0.15071429312229156,0.0,0.0,0.848061203956604,0.0,0.051326531916856766,0.04857143014669418,1374.0,0.02163265272974968,0.019523808732628822,2199.0,0.35928571428571426,6.640714285714286,0.15142857142857144,6.848571428571429,0.7185714285714285,13.266428571428571,0.3028571428571429,13.682142857142857,1.7964285714285715,33.162192118226585,0.7571428571428571,34.201477832512296,0.10326531,0.05214286
6,det,0.7899526232095011,0.0,,0.9088775515556335,669.6648979591837,0.9052380919456482,0.0030612244736403227,0.0,0.10204081982374191,0.0,0.0,0.8948979377746582,0.0,0.051734693348407745,0.047857142984867096,1367.0,0.02122448943555355,0.018333332613110542,2203.0,0.36214285714285716,6.6378571428571425,0.14857142857142858,6.851428571428571,0.7242857142857143,13.238214285714285,0.29714285714285715,13.665357142857143,1.8107142857142857,33.0858374384236,0.7428571428571429,34.153694581280746,0.10234694,0.05255102
7,det,3.0,0.0,,0.9071428775787354,666.9501020408163,0.9028571248054504,0.029489796608686447,0.0,0.08377551287412643,0.0,0.0,0.886734664440155,0.0,0.051632653921842575,0.04952380806207657,1370.0,0.02091836743056774,0.019999999552965164,2200.0,0.36142857142857143,6.638571428571429,0.14642857142857144,6.853571428571429,0.7216071428571429,12.917142857142856,0.29285714285714287,13.345892857142857,1.8036945812807883,32.19975369458087,0.7321428571428571,33.271305418718796,0.102653064,0.052346937
8,det,0.0013058823191183762,0.0,,0.9139795899391174,1755.6038775510203,0.9197618961334229,0.0001020408162730746,0.000918367353733629,0.08326530456542969,0.03224489837884903,0.23377551138401031,0.35795918107032776,0.2917346954345703,0.25091835856437683,0.26619046926498413,4195.0,0.1304081678390503,0.13833333551883698,6300.0,1.7564285714285715,5.243571428571428,0.9128571428571428,6.087142857142857,3.512857142857143,10.485892857142858,1.8257142857142856,12.173035714285714,8.782142857142857,26.214408866995072,4.564285714285714,30.432266009852217,0.43071428,0.25244898
9,det,0.0017053286313859887,0.0,,0.9135714173316956,1717.4886734693878,0.9195238351821899,0.0001020408162730746,0.0008163265301845968,0.08683673292398453,0.029591836035251617,0.22561223804950714,0.3736734688282013,0.2833673357963562,0.2425510138273239,0.25904762744903564,4139.0,0.12744897603988647,0.13595238327980042,6240.0,1.697857142857143,5.302142857142857,0.8921428571428571,6.107857142857143,3.395714285714286,10.603035714285713,1.7842857142857143,12.214464285714286,8.489285714285714,26.507266009852216,4.460714285714285,30.535837438423645,0.4172449,0.24397959
10,det,0.0022269585080133014,0.0,,0.9133673310279846,1680.8612244897959,0.9188095331192017,0.0002040816325461492,0.0007142857066355646,0.09010203927755356,0.026224490255117416,0.21877551078796387,0.3891836702823639,0.27479591965675354,0.2358163297176361,0.2495238035917282,4070.0,0.12448979914188385,0.13333334028720856,6147.0,1.6507142857142858,5.349285714285714,0.8714285714285714,6.128571428571429,3.3014285714285716,10.696071428571429,1.7428571428571429,12.254642857142857,8.253571428571428,26.73953201970443,4.357142857142857,30.635960591133003,0.40357143,0.23714286
11,det,0.0029081457410248092,0.0,,0.913673460483551,1631.9828571428573,0.9190475940704346,0.0002040816325461492,0.0005102040595375001,0.09602040797472,0.02183673530817032,0.20744897425174713,0.4111224412918091,0.2628571391105652,0.2277550995349884,0.23571428656578064,3965.0,0.12010204046964645,0.12714286148548126,6064.0,1.5942857142857143,5.405714285714286,0.8407142857142857,6.159285714285715,3.1885714285714286,10.808928571428572,1.6814285714285715,12.316071428571428,7.9714285714285715,27.02167487684729,4.203571428571428,30.78953201970443,0.38612244,0.22908163
12,det,0.00495934419641283,0.0,,0.9132652878761292,1468.8978571428572,0.9176190495491028,0.0003061224415432662,0.0003061224415432662,0.11040816456079483,0.011122449301183224,0.17561224102973938,0.4824489653110504,0.21979591250419617,0.19632652401924133,0.20666666328907013,3618.0,0.10448979586362839,0.11452381312847137,5760.0,1.3742857142857143,5.6257142857142854,0.7314285714285714,6.268571428571429,2.7485714285714287,11.24767857142857,1.4628571428571429,12.533392857142857,6.871428571428571,28.118226600985217,3.657142857142857,31.332512315270932,0.33357143,0.19744898
13,det,0.0064763199005178525,0.0,,0.9130612015724182,1375.0547959183673,0.9180952310562134,0.0004081632650922984,0.0002040816325461492,0.1195918396115303,0.006734693888574839,0.15581633150577545,0.5278571248054504,0.1893877536058426,0.18030612170696259,0.18714286386966705,3420.0,0.09693877398967743,0.10357142984867096,5559.0,1.2621428571428572,5.737857142857143,0.6785714285714286,6.321428571428571,2.5242857142857145,11.470714285714285,1.3571428571428572,12.637857142857143,6.310714285714286,28.675492610837434,3.392857142857143,31.593349753694575,0.3012245,0.18132652
14,det,0.008457311651040737,0.0,,0.9122449159622192,1258.6951020408164,0.9164285659790039,0.0005102040595375001,0.0001020408162730746,0.1310204118490219,0.0033673469442874193,0.13193877041339874,0.5846938490867615,0.14836734533309937,0.158979594707489,0.17119047045707703,3183.0,0.0859183669090271,0.09619047492742538,5138.0,1.1128571428571428,5.887142857142857,0.6014285714285714,6.398571428571429,2.2257142857142855,11.768035714285714,1.2028571428571428,12.790892857142858,5.564285714285714,29.418472906403935,3.007142857142857,31.97561576354679,0.26418367,0.16
15,det,0.011044253752367946,0.0,,0.9131632447242737,1140.6197959183673,0.9138095378875732,0.0005102040595375001,0.0,0.140816330909729,0.0020408162381500006,0.1115306094288826,0.6447958946228027,0.10030612349510193,0.13826531171798706,0.14714285731315613,2901.0,0.07622449100017548,0.0830952376127243,4807.0,0.9678571428571429,6.0321428571428575,0.5335714285714286,6.466428571428572,1.9357142857142857,12.058035714285714,1.0671428571428572,12.926607142857144,4.839285714285714,30.143472906403932,2.6678571428571427,32.31490147783251,0.22602041,0.13928571
16,det,0.0188340821362052,0.0,,0.9102040529251099,912.5032653061224,0.9121428728103638,0.0007142857066355646,0.0,0.16061224043369293,0.0003061224415432662,0.06489796191453934,0.7460204362869263,0.027448980137705803,0.09663265198469162,0.10214285552501678,2108.0,0.05377551168203354,0.055714286863803864,3765.0,0.6764285714285714,6.323571428571428,0.37642857142857145,6.623571428571428,1.3528571428571428,12.638392857142858,0.7528571428571429,13.238392857142857,3.382142857142857,31.59371921182265,1.8821428571428571,33.09371921182265,0.15806122,0.09755102
17,det,0.024595094858493642,0.0,,0.908979594707489,807.4344897959184,0.9102380871772766,0.0007142857066355646,0.0,0.17071428894996643,0.0,0.03877551108598709,0.7814285755157471,0.008367346599698067,0.07591836899518967,0.08214285969734192,1714.0,0.040918368846178055,0.044285714626312256,3055.0,0.5314285714285715,6.468571428571429,0.2864285714285714,6.713571428571429,1.062857142857143,12.928392857142857,0.5728571428571428,13.418392857142857,2.657142857142857,32.31871921182265,1.4321428571428572,33.54371921182265,0.13122448,0.07673469
18,det,0.032118299512746126,0.0,,0.9086734652519226,733.6689795918368,0.9085714221000671,0.0007142857066355646,0.0,0.17704081535339355,0.0,0.019693877547979355,0.8004081845283508,0.002142857061699033,0.06295918673276901,0.06333333253860474,1513.0,0.030714286491274834,0.031190475448966026,2592.0,0.4407142857142857,6.559285714285714,0.215,6.785,0.8814285714285715,13.10982142857143,0.43,13.56125,2.2035714285714287,32.772290640394075,1.075,33.90086206896551,0.11540816,0.06387755
19,det,0.04194271945384353,0.0,,0.9081632494926453,695.6511224489795,0.9080952405929565,0.0007142857066355646,0.0,0.17897959053516388,0.0,0.0076530613005161285,0.8124489784240723,0.0002040816325461492,0.055510204285383224,0.053809523582458496,1411.0,0.02510204166173935,0.02380952425301075,2350.0,0.38857142857142857,6.611428571428571,0.1757142857142857,6.824285714285714,0.7771428571428571,13.214107142857143,0.3514285714285714,13.639821428571429,1.9428571428571428,33.03300492610836,0.8785714285714286,34.09729064039408,0.107040815,0.05632653
20,det,0.07152612036282946,0.0,,0.9075510501861572,673.7783673469388,0.9064285755157471,0.0007142857066355646,0.0,0.17530612647533417,0.0,0.0010204081190750003,0.8229591846466064,0.0,0.051530610769987106,0.04857143014669418,1376.0,0.02173469401896,0.019523808732628822,2203.0,0.3607142857142857,6.639285714285714,0.15214285714285714,6.847857142857142,0.7214285714285714,13.26982142857143,0.30428571428571427,13.686964285714286,1.8035714285714286,33.17229064039408,0.7607142857142857,34.21514778325122,0.10367347,0.052346937
21,det,0.09340469593695186,0.0,,0.9077550768852234,671.285612244898,0.9057142734527588,0.0006122448830865324,0.0,0.1705102026462555,0.0,0.0001020408162730746,0.8287755250930786,0.0,0.051326531916856766,0.04833333194255829,1374.0,0.02153061144053936,0.01904761977493763,2199.0,0.35928571428571426,6.640714285714286,0.15071428571428572,6.849285714285714,0.7185714285714285,13.273928571428572,0.30142857142857143,13.691071428571428,1.7964285714285715,33.182881773399004,0.7535714285714286,34.22573891625615,0.10336734,0.05214286
22,det,0.12197554094669347,0.0,,0.9077550768852234,672.2267346938776,0.9057142734527588,0.0006122448830865324,0.0,0.16551020741462708,0.0,0.0,0.8338775634765625,0.0,0.051428571343421936,0.04833333194255829,1373.0,0.02173469401896,0.019285714253783226,2200.0,0.36,6.64,0.15214285714285714,6.847857142857142,0.72,13.2725,0.30428571428571427,13.688214285714286,1.8,33.17931034482758,0.7607142857142857,34.218596059113295,0.10326531,0.052244898
23,det,0.15928570228718653,0.0,,0.9076530337333679,672.159081632653,0.9064285755157471,0.0007142857066355646,0.0,0.15959183871746063,0.0,0.0,0.8396939039230347,0.0,0.051428571343421936,0.04857143014669418,1373.0,0.02183673530817032,0.019285714253783226,2203.0,0.36,6.64,0.15285714285714286,6.847142857142857,0.72,13.27125,0.3057142857142857,13.685535714285715,1.8,33.17586206896551,0.7642857142857142,34.21157635467979,0.103163265,0.052244898
24,det,0.27163446868076385,0.0,,0.9076530337333679,671.4266326530612,0.9066666960716248,0.0012244897661730647,0.0,0.14346939325332642,0.0,0.0,0.8553061485290527,0.0,0.051326531916856766,0.04833333194255829,1373.0,0.02163265272974968,0.018809523433446884,2198.0,0.35928571428571426,6.640714285714286,0.15142857142857144,6.848571428571429,0.7185714285714285,13.266428571428571,0.3028571428571429,13.682142857142857,1.7964285714285715,33.162192118226585,0.7571428571428571,34.201477832512296,0.103163265,0.05214286
25,det,0.3547226499133238,0.0,,0.9075510501861572,671.4386734693877,0.9061904549598694,0.0015306122368201613,0.0,0.13367347419261932,0.0,0.0,0.8647959232330322,0.0,0.0512244887650013,0.04833333194255829,1372.0,0.02173469401896,0.018571428954601288,2195.0,0.3585714285714286,6.6414285714285715,0.15214285714285714,6.847857142857142,0.7171428571428572,13.264107142857142,0.30428571428571427,13.676964285714286,1.792857142857143,33.1554187192118,0.7607142857142857,34.18756157635466,0.102959186,0.052040815
26,det,0.46322603671262724,0.0,,0.9081632494926453,671.0983673469387,0.9061904549598694,0.001836734707467258,0.0,0.12173469364643097,0.0,0.0,0.8764285445213318,0.0,0.051632653921842575,0.04809523746371269,1370.0,0.02153061144053936,0.018333332613110542,2203.0,0.36142857142857143,6.638571428571429,0.15071428571428572,6.849285714285714,0.7228571428571429,13.254642857142857,0.30142857142857143,13.67607142857143,1.8071428571428572,33.13078817733987,0.7535714285714286,34.184359605911304,0.1027551,0.05244898
27,det,0.6049186910983003,0.0,,0.9086734652519226,670.2185714285714,0.9057142734527588,0.0024489795323461294,0.0,0.1105102077126503,0.0,0.0,0.8870407938957214,0.0,0.051734693348407745,0.04833333194255829,1367.0,0.02132653072476387,0.018809523433446884,2203.0,0.36214285714285716,6.6378571428571425,0.1492857142857143,6.850714285714286,0.7242857142857143,13.245714285714286,0.2985714285714286,13.67142857142857,1.8107142857142857,33.10652709359602,0.7464285714285714,34.17081280788174,0.1022449,0.05255102
28,det,1.0315851635904683,0.0,,0.9085714221000671,668.804081632653,0.9047619104385376,0.003979591652750969,0.0,0.09316326677799225,0.0,0.0,0.9028571248054504,0.0,0.051632653921842575,0.04809523746371269,1367.0,0.02122448943555355,0.018095238134264946,2200.0,0.36142857142857143,6.638571428571429,0.14857142857142858,6.851428571428571,0.7228571428571429,13.228392857142858,0.29714285714285715,13.654107142857143,1.8071428571428572,33.058374384236394,0.7428571428571429,34.12266009852211,0.10234694,0.05244898
29,det,1.3471288257976302,0.0,,0.9086734652519226,668.5019387755102,0.9059523940086365,0.0076530613005161285,0.0,0.08785714209079742,0.0,0.0,0.9044898152351379,0.0,0.051734693348407745,0.04833333194255829,1366.0,0.02122448943555355,0.018333332613110542,2203.0,0.36214285714285716,6.6378571428571425,0.14857142857142858,6.851428571428571,0.7242857142857143,13.181964285714285,0.29714285714285715,13.609107142857143,1.8107142857142857,32.930665024630436,0.7428571428571429,33.99852216748758,0.10204082,0.05244898
30,det,1.7591917151838243,0.0,,0.9078571200370789,667.6952040816327,0.9047619104385376,0.012142857536673546,0.0,0.0835714265704155,0.0,0.0,0.904285728931427,0.0,0.051530610769987106,0.047857142984867096,1366.0,0.02132653072476387,0.018095238134264946,2199.0,0.3607142857142857,6.639285714285714,0.1492857142857143,6.850714285714286,0.7214285714285714,13.129821428571429,0.2985714285714286,13.552678571428572,1.8035714285714286,32.78608374384219,0.7464285714285714,33.84322660098505,0.10234694,0.052244898
31,det,2.2972973567980866,0.0,,0.9077550768852234,666.660918367347,0.9038095474243164,0.018877550959587097,0.0,0.0838775485754013,0.0,0.0,0.8972448706626892,0.0,0.051428571343421936,0.047857142984867096,1366.0,0.02112244814634323,0.01904761977493763,2199.0,0.36,6.64,0.14785714285714285,6.852142857142857,0.71875,13.05,0.2957142857142857,13.473035714285714,1.7965517241379312,32.56551724137905,0.7392857142857143,33.62278325123126,0.10234694,0.05214286
32,soft,0.001,0.01,,0.9119694828987122,1811.9861616040216,0.9144321084022522,0.0029584176372736692,0.015525666996836662,0.12112085521221161,0.08281821012496948,0.24278642237186432,0.3179629445075989,0.21682727336883545,0.26769739389419556,0.2733471691608429,4359.0,0.1385314017534256,0.1444447785615921,6472.0,1.127601192823628,2.321367909493769,0.6404319783980249,2.808537123919373,2.2552016832238615,4.64067998577441,1.2808636458427756,5.615018023155496,5.638004026398422,11.601168283432612,3.202159034187988,14.037013275643018,0.45186514,0.26954004
33,soft,0.0012946882357031712,0.01,,0.9119589328765869,1796.4042909141167,0.9144425392150879,0.003019034629687667,0.015232427045702934,0.12320782244205475,0.08107805252075195,0.24015851318836212,0.3230794668197632,0.214223712682724,0.26449158787727356,0.27023181319236755,4329.0,0.1368994414806366,0.14285272359848022,6465.0,1.113414984870658,2.33684422983892,0.6326311849318218,2.81762802977776,2.226829235867995,4.671550968190824,1.2652620397920085,5.63311816426681,5.5670728998750985,11.678324620954522,3.1631550141166604,14.082242506712978,0.4467744,0.2663144
34,soft,0.0016762176276681902,0.01,,0.9119439721107483,1776.2529883495044,0.9144518375396729,0.0030976510606706142,0.01485505048185587,0.12591184675693512,0.07885220646858215,0.23671917617321014,0.3297179639339447,0.21084371209144592,0.26035329699516296,0.2662063241004944,4281.0,0.13479453325271606,0.14079494774341583,6394.0,1.095228909794792,2.357509601375957,0.6226115359238688,2.830126975246873,2.1904570432386596,4.7127733292349,1.2452227157370082,5.658007656736551,5.476142407316211,11.781352493729342,3.113056697244915,14.144438203800703,0.4401863,0.26214957
35,soft,0.0021701792430202844,0.01,,0.9119226336479187,1750.2244626099678,0.914456844329834,0.003199540078639984,0.014370743185281754,0.1294153332710266,0.07601793855428696,0.23220957815647125,0.3383291959762573,0.2064564824104309,0.2550208270549774,0.26101091504096985,4226.0,0.13208486139774323,0.1381388008594513,6346.0,1.0720102855623581,2.385309568753231,0.6097885445752544,2.8475313097403356,2.1440197367661327,4.768228625546416,1.2195766971267934,5.692671665185749,5.360049126132915,11.919953328014314,3.0489416414315333,14.231060812715699,0.43167037,0.2567846
36,soft,0.002809705535305576,0.01,,0.9118916392326355,1716.6795437501873,0.9144503474235535,0.003331324551254511,0.013751990161836147,0.13394540548324585,0.07243001461029053,0.22629080712795258,0.34948641061782837,0.20076319575309753,0.24816954135894775,0.25432291626930237,4142.0,0.12860740721225739,0.1347179114818573,6275.0,1.0425419363109238,2.42302337970807,0.5934674268354659,2.872097889183519,2.085082957989154,4.843462093567441,1.1869344113866918,5.741610640169914,5.212707158429933,12.107986785854308,2.967335914082872,14.353358030201393,0.4206879,0.24989186
37,soft,0.0036376927023502106,0.01,,0.9118465781211853,1673.6177435394045,0.9144189357757568,0.003501103026792407,0.012966819107532501,0.13978354632854462,0.06792956590652466,0.21852098405361176,0.36390718817710876,0.19338954985141754,0.23940928280353546,0.24574962258338928,4051.0,0.12416690587997437,0.13032783567905426,6158.0,1.0054593864321382,2.474639891309971,0.5728622679635508,2.907237009778557,2.010917745400593,4.946433045389037,1.1457240221536031,5.811626768636038,5.027294097778102,12.365346388326651,2.8643099225115427,14.528330563593276,0.40657878,0.24107952
38,soft,0.004709677946836095,0.01,,0.9117798209190369,1618.713664546648,0.9143375754356384,0.0037182082887738943,0.011981146410107613,0.14726407825946808,0.062355633825063705,0.20834605395793915,0.3824571967124939,0.18387682735919952,0.2282966524362564,0.23483552038669586,3934.0,0.11854295432567596,0.12472723424434662,6041.0,0.9593475126703913,2.545842740104091,0.5471494784020773,2.9580407743724177,1.9186938364310102,5.088483608967507,1.0942983396417003,5.912879105756836,4.796734283600857,12.720380952270428,2.7357456894932675,14.781369546377974,0.38857564,0.22990207
39,soft,0.006097564631719359,0.01,,0.9116777777671814,1549.4993673854258,0.9141610860824585,0.0039922031573951244,0.01076456531882286,0.15674416720867157,0.05558273568749428,0.19510866701602936,0.4061081111431122,0.17169827222824097,0.2143802046775818,0.221097931265831,3813.0,0.11151304841041565,0.11764922738075256,5881.0,0.902902353008973,2.6444934587455293,0.5155515215278946,3.0318442902266147,1.805803281121426,5.285303899926982,1.0311022740737745,6.060004906974645,4.51450783429583,13.212307245275005,2.577755486309772,15.14905959326108,0.36587012,0.21590745
40,soft,0.007894445195126793,0.01,,0.9115148782730103,1463.7921530029382,0.9138123989105225,0.0043302616104483604,0.009302392601966858,0.16854991018772125,0.04757969081401825,0.17811577022075653,0.43581143021583557,0.1563103348016739,0.1972987800836563,0.204116553068161,3580.0,0.10289737582206726,0.1088322177529335,5655.0,0.835145705182218,2.780776270111544,0.47741559049666377,3.138506384797102,1.6702896280486932,5.557223177016005,0.9548301858902742,6.272682619174424,4.175723609178002,13.891938279641629,2.387075207371438,15.680586681448256,0.33777672,0.19873562
41,soft,0.010220845321534082,0.01,,0.9112492799758911,1360.4184609095273,0.9131830334663391,0.004732355009764433,0.007616115268319845,0.18285095691680908,0.03850528225302696,0.1567947268486023,0.4722132086753845,0.13728617131710052,0.17694173753261566,0.18369963765144348,3342.0,0.09261128306388855,0.09808127582073212,5278.0,0.7557663778199792,2.9663667398647218,0.43226335942218475,3.2898697582625203,1.5115303748896372,5.927555791293234,0.864525376345305,6.574560789837577,3.778825321512794,14.817550420878911,2.161313093665221,16.4350626487265,0.30404928,0.17828058
42,soft,0.013232808196731971,0.01,,0.9108343720436096,1240.1683059755671,0.9121959805488586,0.005184049252420664,0.005789764691144228,0.19950337707996368,0.028822002932429314,0.1309923529624939,0.5151538848876953,0.1145542711019516,0.15364708006381989,0.16015730798244476,3040.0,0.0806979164481163,0.0854102298617363,4865.0,0.6655381012698983,3.211396323888972,0.37962647608823874,3.497307949070633,1.331072592508555,6.416551426440536,0.7592510081656181,6.988373010783463,3.3276805476426086,16.039764457134723,1.8981270176526124,17.469317987124704,0.26535684,0.15488856
43,soft,0.01713236109762538,0.01,,0.9102210402488708,1106.8577030612441,0.9109286665916443,0.005649879574775696,0.003985984716564417,0.2178473323583603,0.019362477585673332,0.1013769805431366,0.5630279779434204,0.08874848484992981,0.1283639520406723,0.13458427786827087,2647.0,0.06736792623996735,0.07134625315666199,4342.0,0.5670021009010866,3.518375167506081,0.3188692524299902,3.7665080159771915,1.1339982541040141,7.029271517016994,0.6377353363202051,7.525534434800811,2.834994097062226,17.57124461547482,1.5943375213505708,18.811901191186486,0.22373605,0.12951374
44,soft,0.022181066362914236,0.01,,0.909378170967102,969.1393379203308,0.90960294008255,0.006075365003198385,0.002416361356154084,0.2364645004272461,0.011216574348509312,0.06998301297426224,0.612154483795166,0.06169017404317856,0.10286200046539307,0.10858914256095886,2209.0,0.0532161109149456,0.056840624660253525,3679.0,0.47001772569724204,3.8757288280578983,0.2534683466058696,4.0922782071492785,0.9400269666134644,7.742697363143026,0.5069318326785863,8.17579249707789,2.3500652221937366,19.354477814847346,1.2673283246620286,20.437214712378978,0.1828366,0.103921555
45,soft,0.028717565675416393,0.01,,0.9084696769714355,844.1478086684177,0.9082661271095276,0.006406042724847794,0.001250340836122632,0.25295642018318176,0.005337480455636978,0.04100329428911209,0.6563607454299927,0.0366855151951313,0.08042160421609879,0.08421275019645691,1843.0,0.039980143308639526,0.042587924748659134,3075.0,0.3928843963535287,4.243950507572731,0.1961541760068515,4.440680727919422,0.7857591695972441,8.478073397597372,0.39230286316059604,8.871529704034035,1.9643954352578097,21.192641868765495,0.9807557383705143,22.176281565652783,0.14776717,0.08142197
46,soft,0.0371802944379948,0.01,,0.9077962636947632,752.5628176613528,0.9070468544960022,0.006621301639825106,0.0005333507433533669,0.2644349932670593,0.001982100773602724,0.019265789538621902,0.6895790100097656,0.01758272759616375,0.06450661271810532,0.06568524986505508,1582.0,0.0301582682877779,0.03083045594394207,2596.0,0.3470865791179608,4.550577192918487,0.16029649511251812,4.737367276923915,0.6941633193391403,9.090678826167101,0.32058787553210794,9.46425426997413,1.735405753805578,22.72398786895149,0.8014683660648586,23.657925256692153,0.123123765,0.065499924
47,soft,0.04813688980885192,0.01,,0.9073895812034607,702.6908136759354,0.9061778783798218,0.006750143598765135,0.00018033420201390982,0.2699356973171234,0.0005462587578222156,0.007267791777849197,0.7089207768440247,0.006400199607014656,0.05593032389879227,0.055281106382608414,1438.0,0.024876492097973824,0.023701108992099762,2352.0,0.32774093481828065,4.744385046975883,0.14433281665064726,4.927793165143516,0.655472032487311,9.47795260874714,0.2886610686715108,9.844763572562972,1.638677537127961,23.692083896383892,0.7216514911710749,24.60910994234078,0.11009928,0.056857806
48,soft,0.06232226493886046,0.01,,0.9071313142776489,682.2929304032908,0.9052876830101013,0.00683620385825634,4.618017919710837e-05,0.27091795206069946,0.00010639458196237683,0.00230409880168736,0.7180754542350769,0.0017144553130492568,0.05248834192752838,0.05078308284282684,1388.0,0.022735945880413055,0.020496292039752007,2230.0,0.320063513245901,4.832605665963226,0.13822983020151464,5.0144393490076,0.6401171006338915,9.65415889362126,0.27645550072629926,10.017820493528852,1.6002901845525144,24.132538844836258,0.6911376760372844,25.041691353351467,0.10487405,0.05339097
49,soft,0.08068790323871886,0.01,,0.9069051742553711,675.3863384474266,0.9043355584144592,0.00691364286467433,8.48662148200674e-06,0.2689959406852722,1.3881486665923148e-05,0.0005020617973059416,0.7232321500778198,0.0003354828804731369,0.05144030600786209,0.04940544813871384,1374.0,0.021874748170375824,0.019710589200258255,2203.0,0.31785787661280224,4.865944995031317,0.13444496915570822,5.049357902488384,0.635705630757369,9.72059645161506,0.2688859617725396,10.087416120599867,1.5892614590137053,24.298570386335633,0.6722138760161219,25.21561796933333,0.103321254,0.052336387
50,soft,0.1044656790867251,0.01,,0.9069048762321472,673.8313262564682,0.9042342901229858,0.0070039196871221066,1.0487356121302582e-06,0.265312522649765,1.1349632131896215e-06,3.075472341151908e-05,0.7276036143302917,4.6693909098394215e-05,0.05129500851035118,0.049188897013664246,1372.0,0.021730145439505577,0.019565599039196968,2199.0,0.31934457387540255,4.883864708469032,0.13482622489723628,5.068383057447207,0.6386789544492477,9.756130421143531,0.26964845220157135,10.12516092339122,1.596694749924441,24.38732631256733,0.6741200966436955,25.30990096584805,0.10296904,0.05218788
51,soft,0.1352504857483258,0.01,,0.9069515466690063,673.6257519220912,0.9042417407035828,0.00712079182267189,8.040653654006746e-08,0.2602694630622864,5.337085440260125e-08,1.727352923808212e-06,0.732603907585144,4.410519522934919e-06,0.05131644010543823,0.04914580285549164,1371.0,0.0217344518750906,0.019542088732123375,2199.0,0.32082246643743784,4.902603546111382,0.1355116451343215,5.087914367414496,0.6416350105110405,9.793194325567605,0.271019120787464,10.163810215291203,1.6040849601490244,24.47987906392205,0.6775467236545615,25.406417300416507,0.10296394,0.052205946
52,soft,0.17510721277149685,0.01,,0.9070162177085876,673.4747814858009,0.9042515158653259,0.0072769117541611195,3.4464775477971443e-09,0.25390884280204773,1.281877493042316e-09,1.0906050107450938e-07,0.7388155460357666,2.650978956353356e-07,0.05134299769997597,0.04910920932888985,1372.0,0.021741939708590508,0.019521046429872513,2200.0,0.3224816807905473,4.927075252952935,0.13630261363947602,5.113254320104003,0.6449539830249679,9.84156210090239,0.27260077241870684,10.213915311508648,1.6123825320737677,24.600649630272287,0.681500778927738,25.53153138341834,0.10298079,0.052228436
53,soft,0.22670924836202908,0.01,,0.9071076512336731,673.305703094899,0.9042622447013855,0.007488626055419445,7.170447569038174e-11,0.24600458145141602,1.3234100447456765e-11,3.781567059490953e-09,0.7465084195137024,9.185714411330537e-09,0.05138152837753296,0.049061842262744904,1372.0,0.02174426056444645,0.01948368549346924,2200.0,0.32413826228998366,4.959354786373779,0.13705971491978558,5.1464333337439845,0.648267589165044,9.905304773793086,0.274114573489011,10.279457789469111,1.6206666620294417,24.759795176132354,0.6852851777697964,25.695176660391997,0.10298786,0.052262243
54,soft,0.2935177967794275,0.01,,0.9072394967079163,673.0806748701033,0.9042772650718689,0.00778022687882185,5.951683373570105e-13,0.23622770607471466,4.616770697294867e-14,6.257672158227479e-11,0.7559921145439148,1.569547408708516e-10,0.05144181102514267,0.0489998459815979,1372.0,0.021731777116656303,0.01941758766770363,2203.0,0.32550822719943695,5.001240275225924,0.1374632019916078,5.189285300433759,0.6510072617040342,9.987897737565602,0.27492099180200097,10.363984007467652,1.6275157768390067,24.965972926788247,0.6873010798029638,25.906187623824305,0.10297394,0.05231718
55,soft,0.38001403845983894,0.01,,0.9074296355247498,672.7356891305503,0.904299795627594,0.008190375752747059,1.5010005101706255e-15,0.2241571843624115,3.957897103666177e-17,4.084244607013149e-13,0.7676517367362976,1.0592940370354742e-12,0.05153336375951767,0.048929717391729355,1371.0,0.02169167809188366,0.01932164467871189,2203.0,0.32718120855114613,5.055715891532057,0.13754610530249264,5.245350994780709,0.6543502364421185,10.09510364605381,0.2750860208187203,10.474367861677218,1.6358724409345622,25.23353632108009,0.6877134512400078,26.181695310774604,0.102923706,0.05240286
56,soft,0.4919997049960055,0.01,,0.9076847434043884,672.3583730298699,0.9043049216270447,0.008777192793786526,7.925078896117956e-19,0.20960526168346405,5.469183308674939e-21,7.860391635137022e-16,0.7816212177276611,2.1124074203445007e-15,0.05164254456758499,0.048843707889318466,1371.0,0.021618664264678955,0.0191947128623724,2205.0,0.33103091661531897,5.127724700603514,0.13853763488555787,5.320217982333273,0.6620355962278401,10.23641810943321,0.27706797789591975,10.621385727765144,1.655082205137843,25.58612338777944,0.6926680589100072,26.548537534007274,0.1028533,0.052505687
57,soft,0.636986230027759,0.01,,0.9079710245132446,672.0415713253456,0.9042389988899231,0.009601205587387085,5.337316133311393e-23,0.1930566430091858,6.913389618891957e-26,2.950336368559796e-19,0.7973436713218689,8.493978049268012e-19,0.05176016688346863,0.048703789710998535,1372.0,0.021542580798268318,0.01903553679585457,2205.0,0.3357396987417638,5.223853105974001,0.14001702808385716,5.419575776631912,0.6714270188622274,10.424491033592153,0.28002518225983286,10.815892870194538,1.6785540009604056,26.055223658543543,0.7000606606734057,27.03371699883055,0.102813154,0.052616104
58,soft,0.8246985783218538,0.01,,0.9081534147262573,671.4390900428175,0.9041724801063538,0.010774978436529636,2.4071883003867668e-28,0.1753416508436203,3.787688476668732e-32,1.256377742978434e-23,0.8138844966888428,4.1219695703684007e-23,0.051757439970970154,0.0485006645321846,1371.0,0.021468257531523705,0.018865788355469704,2205.0,0.3385166640847385,5.34318505698295,0.14076246449820437,5.540939256569485,0.6769607096110498,10.656675633375269,0.2815137560562191,11.052122586930096,1.6923829933659633,26.63400947638894,0.7037815005870502,27.62261096916781,0.10273744,0.052603543
59,soft,1.0677275473544345,0.01,,0.9082043170928955,670.6009788348686,0.9041740894317627,0.012517566792666912,3.164703429042817e-35,0.1570732444524765,3.4262307972127507e-40,3.059039993811529e-29,0.830409824848175,1.2317447459667625e-28,0.05166120082139969,0.048404332250356674,1371.0,0.02139098010957241,0.018763218075037003,2203.0,0.3398961992516355,5.479501381977207,0.14093727166972495,5.678460309559119,0.6796973629507934,10.918418562083358,0.28185998608913226,11.316255938945025,1.699218829216859,27.285550490931353,0.7046462004167142,28.28012311973148,0.1026178,0.05249056
60,soft,1.382374294495987,0.01,,0.9079883098602295,669.8872420623026,0.9041982293128967,0.01508267130702734,4.203895392974451e-44,0.13914784789085388,0.0,1.7824625879595768e-36,0.8457741737365723,9.617563453176974e-36,0.05164409428834915,0.04836065322160721,1370.0,0.021357864141464233,0.018686236813664436,2203.0,0.34084243688763605,5.629054333063983,0.14091234556371515,5.8289844243879,0.6815396322646582,11.198900494899076,0.28180505971910824,11.598635067444626,1.7038115182020022,27.981938779171102,0.7045075722094117,28.98124272516371,0.1025038,0.052444655
61,soft,1.7897437364224256,0.01,,0.9076759815216064,669.0541031618162,0.9037372469902039,0.018949955701828003,0.0,0.12286455184221268,0.0,1.401298464324817e-45,0.8581885695457458,7.006492321624085e-45,0.0516384094953537,0.048069704324007034,1370.0,0.0213306974619627,0.018607521429657936,2203.0,0.3419027411679405,5.783748633859406,0.14130354055002295,5.984347834477324,0.6834617547486436,11.475755827566905,0.2825795536108265,11.876638028704724,1.7085654918059425,28.665663334395205,0.7064417648488202,29.66778706135235,0.1025056,0.052406907
62,soft,2.3171601604695518,0.01,,0.9073748588562012,668.0890094442194,0.9030928015708923,0.02478920668363571,0.0,0.1100672110915184,0.0,0.0,0.8651449680328369,0.0,0.051599614322185516,0.04798731580376625,1370.0,0.021181410178542137,0.019095521420240402,2203.0,0.343677885775261,5.930784540002067,0.1411799290628534,6.1332824967144735,0.6863952432530169,11.714243541880643,0.2823183009871118,12.118320484146546,1.7157396956418085,29.247507422428445,0.7057850049319364,30.25746211313831,0.102614656,0.05235107
63,soft,3.0,0.01,,0.9070270657539368,667.4012059047012,0.9021279811859131,0.03325565531849861,0.0,0.10088101774454117,0.0,0.0,0.8658667206764221,0.0,0.05160566046833992,0.04836788773536682,1371.0,0.020996302366256714,0.019744494929909706,2203.0,0.34628979598628706,6.055816535158535,0.14129910188663833,6.26080722925818,0.6909926870030741,11.877953916828249,0.28248367966160076,12.286462924169717,1.7270713110500557,29.63445052823735,0.7061795808492584,30.65534225843816,0.10281701,0.052350774
64,soft,0.001,0.03,,0.9060951471328735,1883.4385842327006,0.906390368938446,0.018780244514346123,0.04952269420027733,0.15116050839424133,0.11443787813186646,0.22977688908576965,0.26614028215408325,0.1701805740594864,0.2846966087818146,0.28720220923423767,4603.0,0.15126045048236847,0.1535632312297821,6845.0,0.7194551265690338,1.337725646037425,0.42174691446146056,1.6354338581449976,1.4388308266624579,2.6628524281575365,0.8434717689707492,3.2582114858492432,3.597056525326247,6.65387274351864,2.1086737172668197,8.142255551578128,0.46651322,0.28670895
65,soft,0.0012946882357031712,0.03,,0.9061092138290405,1874.6043910168373,0.9063934683799744,0.01892777532339096,0.049167700111866,0.15241698920726776,0.11345319449901581,0.2286159247159958,0.2682732045650482,0.16914409399032593,0.28286752104759216,0.2853867709636688,4584.0,0.15017195045948029,0.1524849385023117,6830.0,0.7134206440893776,1.3448112716625231,0.41783239674588357,1.6403995190060139,1.426760792418929,2.6768292705686503,0.8356422724816127,3.267947790505967,3.566881163178378,6.6887645713984165,2.0890998568048444,8.166545877771958,0.46399274,0.28487298
66,soft,0.0016762176276681902,0.03,,0.9061265587806702,1863.1695956183332,0.9063963294029236,0.019119111821055412,0.048708852380514145,0.1540469527244568,0.11218419671058655,0.22709883749485016,0.27103549242019653,0.16780546307563782,0.2805006504058838,0.28303641080856323,4554.0,0.1487646996974945,0.15109027922153473,6769.0,0.705641622684179,1.3541216970875312,0.41278372726925666,1.6469795925024542,1.411201332299653,2.695195685898905,0.8255443249344184,3.2808526932641398,3.527982146334802,6.73461480743449,2.063854830541878,8.198742123227412,0.46072608,0.28249606
67,soft,0.0021701792430202844,0.03,,0.9061473608016968,1848.3729896088525,0.9063978791236877,0.019367417320609093,0.048117026686668396,0.15615996718406677,0.11055246740579605,0.22511230409145355,0.2746180295944214,0.1660722941160202,0.2774389088153839,0.2799963653087616,4529.0,0.14694657921791077,0.149288609623909,6707.0,0.6956298049807873,1.366403362016629,0.4062816995437833,1.6557514674536318,1.3911758045845548,2.7194250622012603,0.8125394613768191,3.2980614054089896,3.4779178376569755,6.795101880891461,2.0313424626547736,8.241677255893656,0.45649552,0.27942187
68,soft,0.002809705535305576,0.03,,0.9061717987060547,1829.2363801300412,0.9063965082168579,0.01968955621123314,0.04735380783677101,0.15890032052993774,0.10845786333084106,0.22250406444072723,0.27926045656204224,0.163833349943161,0.2734810411930084,0.2760676443576813,4490.0,0.14459998905658722,0.14696259796619415,6649.0,0.6827739673523271,1.382681739529197,0.3979253456258021,1.6675303612557204,1.3654615786610844,2.7515419569726376,0.7958256721175028,3.3211778635162235,3.413631613193159,6.875280360857732,1.9895577098280357,8.299354264222842,0.45101598,0.27544743
69,soft,0.0036376927023502106,0.03,,0.9061991572380066,1804.5100565336963,0.906389057636261,0.020107794553041458,0.04637188836932182,0.16245415806770325,0.10577802360057831,0.21906888484954834,0.28527650237083435,0.16094183921813965,0.2683705985546112,0.2709950804710388,4424.0,0.14157606661319733,0.1439630389213562,6590.0,0.66632167399113,1.4043799688714673,0.3872185720344355,1.6834830708281594,1.3325535109351923,2.794356640014517,0.7744106627814066,3.3524994881683123,3.3313605436189033,6.982166609244445,1.936019808344688,8.377507344518696,0.44392374,0.27031538
70,soft,0.004709677946836095,0.03,,0.9062274694442749,1772.613570066535,0.9063699841499329,0.020650461316108704,0.04511196166276932,0.16705939173698425,0.10236388444900513,0.21453289687633514,0.293066143989563,0.1572163850069046,0.26178452372550964,0.2644568979740143,4342.0,0.13768889009952545,0.1401052176952362,6479.0,0.6453720168444536,1.4334917034972827,0.3735626977219335,1.7053010226198024,1.2906493701122606,2.851806929028459,0.7470969102341112,3.395359388906612,3.226598943321167,7.125592371373013,1.8677349087206805,8.484456405973475,0.4347558,0.2637026
71,soft,0.006097564631719359,0.03,,0.906252384185791,1731.5835225555084,0.9063299894332886,0.02135409601032734,0.04350115358829498,0.17301717400550842,0.09803948551416397,0.20852646231651306,0.30313289165496826,0.15242813527584076,0.2533243000507355,0.2560577988624573,4232.0,0.13271144032478333,0.13516008853912354,6351.0,0.6188976812952198,1.4728285487217658,0.35626580076499376,1.7354604292519864,1.2376938760925167,2.929447695263002,0.7125003211079689,3.454641250247551,3.094208443723189,7.3194271513866855,1.7812427130056019,8.632392882104275,0.422931,0.25520733
72,soft,0.007894445195126793,0.03,,0.9062654376029968,1679.0574242628281,0.9062535762786865,0.02226412668824196,0.04145430400967598,0.18070340156555176,0.09260868281126022,0.20056289434432983,0.31610190868377686,0.14630450308322906,0.2425156980752945,0.24532200396060944,4088.0,0.12637759745121002,0.1288575530052185,6170.0,0.5858334269434454,1.526358437425593,0.3345910884781287,1.7776007758909067,1.1715555141502374,3.03512051255219,0.6691469116454741,3.5375291150569534,2.928859990616103,7.583250498027264,1.6728581587746836,8.839252329868678,0.40774304,0.24435513
73,soft,0.010220845321534082,0.03,,0.9062514901161194,1612.3573329300402,0.9061166048049927,0.02343580685555935,0.038877010345458984,0.19055861234664917,0.08587127923965454,0.1900220662355423,0.3327030539512634,0.13853150606155396,0.2288319319486618,0.23171471059322357,3909.0,0.11839791387319565,0.12089762091636658,5955.0,0.5453005043935502,1.5996201591343935,0.3078867081783974,1.8370339553495485,1.0904751800026868,3.1797744005586583,0.6157323339846413,3.6545172465767104,2.726155408079714,7.9444017123337245,1.5393202102101784,9.13123691020327,0.38838097,0.23061574
74,soft,0.013232808196731971,0.03,,0.9061862230300903,1528.7992046451286,0.9058831930160522,0.024930521845817566,0.035676490515470505,0.20305871963500977,0.07766093313694,0.17616644501686096,0.3537236154079437,0.1287839114665985,0.21176700294017792,0.21470502018928528,3707.0,0.10850487649440765,0.11099100857973099,5672.0,0.49708103695750644,1.7000954107624977,0.2758704562574223,1.9213059914625852,0.9940148791458544,3.378203197826973,0.551691196123284,3.8205268808495427,2.484999130251906,8.439821540162756,1.379215132620734,9.545605537793934,0.3640058,0.21348114
75,soft,0.01713236109762538,0.03,,0.906034529209137,1426.443978878054,0.9055070877075195,0.026807287707924843,0.03178674355149269,0.21862006187438965,0.06790980696678162,0.1582532823085785,0.37983766198158264,0.11678446829319,0.19100475311279297,0.1939135640859604,3434.0,0.09655296802520752,0.09894921630620956,5261.0,0.44246991702140676,1.8371530038986206,0.2391704985584288,2.0404524223616005,0.8847621036959415,3.6489372042930515,0.4782786159649028,4.055420692024087,2.211859294494965,9.115782113274651,1.195680406855712,10.131961000913883,0.33397514,0.19263421
76,soft,0.022181066362914236,0.03,,0.9057557582855225,1305.5632094418318,0.9049396514892578,0.02910115197300911,0.027209550142288208,0.2373896688222885,0.056753501296043396,0.1358403116464615,0.41128429770469666,0.10242084413766861,0.166733056306839,0.16940800845623016,3123.0,0.08270306885242462,0.08485721051692963,4769.0,0.38543482227877995,2.0206395680035603,0.20015692842502783,2.2059174618573114,0.7706516480015134,4.011456724379504,0.40023420533368886,4.381874167047314,1.9265727415841019,10.020929118286492,1.0005649138041233,10.946936946066506,0.29825178,0.16826232
77,soft,0.028717565675416393,0.03,,0.9053274393081665,1170.8407326911995,0.9041540026664734,0.03178710490465164,0.02207217924296856,0.25890693068504333,0.04464370384812355,0.10936404019594193,0.44732666015625,0.08589927107095718,0.14008685946464539,0.1421741545200348,2743.0,0.06768506020307541,0.06934230029582977,4211.0,0.333244266897874,2.2565425499212375,0.16364810338888408,2.426138713430222,0.6662234615652337,4.4776093692390235,0.3271964033620663,4.816636427442208,1.665490100750013,11.184848665182852,0.817965197176964,12.032373568755917,0.25803134,0.14150321
78,soft,0.0371802944379948,0.03,,0.9047893285751343,1033.1814743605303,0.9031912684440613,0.03473694995045662,0.016675222665071487,0.2817417085170746,0.03241396322846413,0.08082301914691925,0.48571524024009705,0.0678948163986206,0.11344661563634872,0.11457235366106033,2360.0,0.052971914410591125,0.053828779608011246,3625.0,0.2944562569045205,2.538994649276816,0.13594119912319308,2.6975097070581393,0.5885998355856756,5.035783781220852,0.2717639512765402,5.352619665529988,1.4714187239064183,12.578544233052304,0.6793792453543185,13.370583711604414,0.21629444,0.11474096
79,soft,0.04813688980885192,0.03,,0.9042575359344482,908.2322827856366,0.9021725058555603,0.03770475834608078,0.01148303784430027,0.30351319909095764,0.02118726074695587,0.05378430336713791,0.522727906703949,0.04960126802325249,0.090003602206707,0.09004247188568115,2017.0,0.04047023132443428,0.040347225964069366,3139.0,0.27303351747735993,2.8431158250778505,0.12050859881554761,2.9956407437396595,0.5457151317293673,5.6367507202840335,0.24088615779721897,5.941579694216186,1.3641968198685817,14.079080008501844,0.6021815048808374,14.841095323489546,0.17754383,0.09117568
80,soft,0.06232226493886046,0.03,,0.903843879699707,809.9783872195592,0.9011974930763245,0.04038160294294357,0.007019640877842903,0.3215967118740082,0.012081722728908062,0.03184649348258972,0.5544320940971375,0.03264300525188446,0.07237988710403442,0.07149109244346619,1762.0,0.03155891224741936,0.03056183271110058,2714.0,0.26485582383445666,3.12906375127245,0.11445885858822163,3.2794607165186984,0.5293333515872314,6.201705455866837,0.22878144475941534,6.502257362694652,1.323235543774529,15.489671731043524,0.5719183690320625,16.24098890578592,0.14621316,0.07344376
81,soft,0.08068790323871886,0.03,,0.9035878777503967,743.8170056098851,0.9003880620002747,0.0425126887857914,0.0036886942107230425,0.3341628611087799,0.005784258246421814,0.016643838956952095,0.5784570574760437,0.018751123920083046,0.061267782002687454,0.05973070114850998,1571.0,0.026281114667654037,0.02478407695889473,2460.0,0.2635905264553792,3.3593516454154844,0.11270381667526418,3.510238355195599,0.5267887768659972,6.656524891095234,0.22527179094478944,6.958041877016453,1.3168704914637561,16.62523160711683,0.5631443457053145,17.37895775287526,0.124636956,0.06225056
82,soft,0.1044656790867251,0.03,,0.9035025835037231,706.0229325535084,0.899968683719635,0.04400087147951126,0.0016045781085267663,0.3408043384552002,0.002224955940619111,0.007587309926748276,0.5946961045265198,0.009080514311790466,0.05545826256275177,0.05355555936694145,1456.0,0.02370646223425865,0.021996021270751953,2314.0,0.26511902646110846,3.5162813054466406,0.11295281112702654,3.6684475207807257,0.5298412140281037,6.9662141026124,0.2257735624189554,7.270281754221545,1.3245004043217838,17.3983761595619,0.5643997526417589,18.158476811241858,0.11220272,0.056391202
83,soft,0.1352504857483258,0.03,,0.903525173664093,687.9697629785836,0.8998599052429199,0.044925738126039505,0.00055392284411937,0.3423926532268524,0.0006552211125381291,0.0029609575867652893,0.6049346923828125,0.0035767387598752975,0.052970532327890396,0.05090343579649925,1405.0,0.022676479071378708,0.020879991352558136,2246.0,0.2667972857919982,3.6067965203107204,0.11359821603521468,3.7599955900674957,0.5331969448095372,7.144501246890127,0.22706941692238417,7.450628774777274,1.3328895275132058,17.84338454988098,0.567640693560774,18.608633383833393,0.10633779,0.053878393
84,soft,0.17510721277149685,0.03,,0.9035861492156982,680.7586596161452,0.8998622298240662,0.04548110067844391,0.00014483033737633377,0.340371698141098,0.00014009070582687855,0.0009464136674068868,0.6118121147155762,0.0011036582291126251,0.05210772529244423,0.04996436461806297,1379.0,0.022317342460155487,0.02049361728131771,2213.0,0.2685947330456334,3.6535385970890526,0.11425521875547467,3.8078781113792117,0.5367918966481819,7.236143429389463,0.22838805019829958,7.5445472758393475,1.341876921936898,18.072013634304255,0.5709384736045481,18.842952082636582,0.10411662,0.053004548
85,soft,0.22670924836202908,0.03,,0.9036654829978943,678.290792823105,0.8998951315879822,0.04587526619434357,2.7205533115193248e-05,0.3359266221523285,2.0484878405113705e-05,0.00023205905745271593,0.6176618337631226,0.0002559333515819162,0.051880914717912674,0.04967103153467178,1376.0,0.02219420112669468,0.02035384625196457,2210.0,0.270859612911772,3.680501629819244,0.1150485338565509,3.8363127088744657,0.5413215837675737,7.288534825300805,0.22997786196529776,7.5998785471030805,1.3532011209561825,18.20259522678536,0.5749138258405341,18.980882521901048,0.10345359,0.05277193
86,soft,0.2935177967794275,0.03,,0.9037620425224304,677.4135523784045,0.8999376893043518,0.046262226998806,3.4540676097094547e-06,0.32965409755706787,1.9126512142975116e-06,4.056805119034834e-05,0.6239951848983765,4.2579682485666126e-05,0.05185440555214882,0.04955809935927391,1375.0,0.022135047242045403,0.020273245871067047,2209.0,0.2737435198248136,3.703867268898794,0.11604450067498885,3.8615662880486092,0.5470886077532144,7.333564251110825,0.23197130677107114,7.648681552092973,1.3676184766512018,18.314728657082295,0.5798978286745122,19.102449305058965,0.10329309,0.052740704
87,soft,0.38001403845983894,0.03,,0.903878927230835,676.9032563879439,0.8999819159507751,0.0467342771589756,2.7567662641558854e-07,0.32164615392684937,1.0507188363817477e-07,4.667756911658216e-06,0.6316073536872864,4.826237727684202e-06,0.05188364163041115,0.04947284981608391,1374.0,0.022083723917603493,0.02019534260034561,2209.0,0.2773866579397827,3.7320642520932337,0.11732134694315809,3.892129563089855,0.5543713715967179,7.387741470529385,0.2345252608613128,7.707587581264779,1.3858244778841617,18.44959840899838,0.5862827815433668,19.24914010533919,0.10324052,0.05276407
88,soft,0.4919997049960055,0.03,,0.9040170311927795,676.4254933529853,0.900020182132721,0.04735083132982254,1.2625176459835075e-08,0.31173232197761536,3.051828789679689e-09,3.241446222546074e-07,0.6409154534339905,3.504028143197502e-07,0.05193318426609039,0.04937755689024925,1374.0,0.022025080397725105,0.020106645300984383,2209.0,0.2819603519112021,3.76980565701652,0.11898351338298374,3.932782495544732,0.5635081973345981,7.460176398389838,0.23784904008829957,7.7858355556361225,1.4086638106241312,18.629897483308383,0.5945920864248002,19.44396920750771,0.10319382,0.052806154
89,soft,0.636986230027759,0.03,,0.9041690230369568,675.9210824853425,0.9000450372695923,0.048167306929826736,2.9322141936738433e-10,0.29968854784965515,4.0232955855756813e-11,1.2353317480062742e-08,0.6521456241607666,1.493275370023639e-08,0.051990680396556854,0.04926452413201332,1373.0,0.021955205127596855,0.020005913451313972,2210.0,0.2875428331266591,3.8213109614664895,0.12104377355636861,3.9878100210367773,0.5746507436211035,7.558917201573324,0.24196791162997827,7.8916000335644405,1.4365143790616657,18.875645231167884,0.6048888388638882,19.70727077136564,0.103139915,0.05285437
90,soft,0.8246985783218538,0.03,,0.904319167137146,675.3514810903159,0.9000548720359802,0.04925401881337166,2.9039533364777492e-12,0.2853856384754181,1.937049560465573e-13,2.304888641058156e-10,0.6653620004653931,3.2599539734334826e-10,0.05203678086400032,0.0491340309381485,1373.0,0.021874429658055305,0.01989850029349327,2210.0,0.29395145135940065,3.89086993215478,0.12327405575950669,4.061547327754667,0.587431509700452,7.69197377670242,0.24642452809068868,8.032980758312169,1.4684568622636256,19.206719074271483,0.6160293589952583,20.05914657753984,0.10308381,0.052889086
91,soft,1.0677275473544345,0.03,,0.9044575095176697,674.6457978690079,0.9000515341758728,0.05071641132235527,9.602333102373857e-15,0.26885345578193665,2.533565013092666e-16,1.7907678378364933e-12,0.6804302334785461,2.9845923909394e-12,0.05205164849758148,0.048986926674842834,1373.0,0.021785859018564224,0.019792821258306503,2210.0,0.30044752079693227,3.981591440713251,0.12535661259459682,4.156682348915579,0.6003719314070142,7.8646582285273325,0.2505814580861161,8.214448701848223,1.5007945414002455,19.6361650576374,0.6264195675162179,20.510540031521426,0.1030337,0.05289027
92,soft,1.382374294495987,0.03,,0.9045519828796387,673.7865372186557,0.9000028967857361,0.05272423103451729,7.517356195516587e-18,0.25020140409469604,6.048511367579956e-20,4.49822310001906e-15,0.6970743536949158,8.732889357401102e-15,0.05203970894217491,0.04879630729556084,1373.0,0.021691424772143364,0.019686564803123474,2209.0,0.30616352135246794,4.095772829583671,0.12714429595417048,4.274792054981959,0.6117265106023683,8.080039940782864,0.2541415328687819,8.437624918516445,1.5291609664793973,20.171262166167935,0.6353157996617242,21.065107332985605,0.10300704,0.052862417
93,soft,1.7897437364224256,0.03,,0.9045888185501099,672.7806339707635,0.8998115062713623,0.055560238659381866,8.716496484134224e-22,0.22962212562561035,1.5415383384413462e-24,2.501714498052567e-18,0.71481853723526,5.684186232527087e-18,0.052011601626873016,0.04855097085237503,1374.0,0.021583598107099533,0.019642753526568413,2209.0,0.3112664073015955,4.235777524894871,0.1286790700045645,4.418364862191909,0.6217985593782002,8.340063351358527,0.25718320963694713,8.70467870109978,1.5543065048528304,20.81615190466412,0.6429127834788725,21.72754562603808,0.103018746,0.052816723
94,soft,2.3171601604695518,0.03,,0.9045435190200806,671.5752462918309,0.8995111584663391,0.05967603251338005,8.097393724877294e-27,0.2074938416481018,2.06519329919695e-30,1.8430778319983089e-22,0.7328317761421204,5.069172719078164e-22,0.051951467990875244,0.048385683447122574,1374.0,0.021436907351017,0.01979740895330906,2209.0,0.31611743880240384,4.405264225747026,0.1300263468648965,4.591355317684535,0.631250539695695,8.646852925735853,0.2598220300801454,9.018281435351417,1.5778717790903283,21.574802436988403,0.6494954208082127,22.50317879527053,0.103058666,0.05273932
95,soft,3.0,0.03,,0.9043468236923218,670.4339081621388,0.8991206288337708,0.06571101397275925,2.7366998058890536e-33,0.1844593584537506,5.829629182461845e-38,9.343316902279268e-28,0.7498307824134827,3.284725520260929e-27,0.05185483768582344,0.048304393887519836,1375.0,0.021271642297506332,0.019994955509901047,2206.0,0.3206832583806132,4.607034683763189,0.13152602452739118,4.796191917616412,0.6398818775731214,8.997663641201328,0.2626498585545176,9.374895660219947,1.599320735522088,22.43819210481571,0.6565206316017433,23.38099220873604,0.10314594,0.05262947
96,soft,0.001,0.1,,0.8914721012115479,1993.6364742098528,0.8882873058319092,0.06724732369184494,0.09712757170200348,0.16159336268901825,0.13373148441314697,0.18582771718502045,0.20113380253314972,0.15333841741085052,0.30494052171707153,0.3056598901748657,5106.0,0.17193467915058136,0.17233024537563324,7621.0,0.39986146793253396,0.8397513143939491,0.22734408625380007,1.012268696072683,0.798365697059214,1.6129638558425898,0.45416682407704784,1.9571627288247562,1.9955632326120383,4.015201336258546,1.1352822287019593,4.875482340168621,0.47864705,0.3069636
97,soft,0.0012946882357031712,0.1,,0.8914913535118103,1989.7967803609265,0.888305127620697,0.06743621081113815,0.0968630313873291,0.16208794713020325,0.1333157867193222,0.1855594366788864,0.20176684856414795,0.15297096967697144,0.3041842579841614,0.3048992156982422,5099.0,0.171413391828537,0.17181041836738586,7603.0,0.3983534303486059,0.8417984632576977,0.22628684781108524,1.013865045795218,0.7953382757774472,1.6167064484466995,0.4520480320350795,1.9599966921890664,1.9879917450678186,4.024466859547253,1.129984132608278,4.882474472006798,0.4777133,0.30620506
98,soft,0.0016762176276681902,0.1,,0.8915159702301025,1984.8268893379304,0.8883278965950012,0.06768061220645905,0.09652116149663925,0.16272865235805511,0.13277874886989594,0.18521058559417725,0.20258702337741852,0.1524941772222519,0.3032051622867584,0.3039141595363617,5083.0,0.1707388460636139,0.17113769054412842,7574.0,0.3964079314502675,0.8444656518699711,0.22492282946924294,1.0159507538509955,0.7914325009688662,1.6215836479063441,0.44931437429457394,1.9637017745806364,1.9782234864053558,4.0365416225675075,1.123148534535423,4.891616574437433,0.47650704,0.30522323
99,soft,0.0021701792430202844,0.1,,0.8915473818778992,1978.3949332467375,0.8883568048477173,0.06799735128879547,0.096079021692276,0.16355855762958527,0.13208501040935516,0.18475432693958282,0.20364803075790405,0.15187688171863556,0.3019377589225769,0.30263975262641907,5054.0,0.16986621916294098,0.17026712000370026,7552.0,0.393900918161459,0.8479468314220088,0.22316498136908058,1.018682768214387,0.7863991972270999,1.6279510486592228,0.4457913434497614,1.9685589024365595,1.9656352415774503,4.052306255910603,1.1143390605325763,4.903602436955481,0.47494304,0.30395275
100,soft,0.002809705535305576,0.1,,0.8915873169898987,1970.07239518425,0.8883934617042542,0.06840789318084717,0.09550832957029343,0.16463348269462585,0.13118936121463776,0.1841575801372528,0.20502369105815887,0.1510794460773468,0.3002972900867462,0.3009895980358124,5035.0,0.16873769462108612,0.16914089024066925,7516.0,0.39067526320257634,0.8525005651387658,0.22090301337901153,1.022272814962331,0.77992268737626,1.6362831319223714,0.44125781637466926,1.9749480029239614,1.9494374497262825,4.07293593367959,1.1030027623892547,4.919370621016617,0.47291693,0.30230856
101,soft,0.0036376927023502106,0.1,,0.8916376233100891,1959.3068188311604,0.8884393572807312,0.0689397007226944,0.09477093815803528,0.16602735221385956,0.1300334334373474,0.18337470293045044,0.20680572092533112,0.1500483602285385,0.2981744408607483,0.29885390400886536,5001.0,0.16727888584136963,0.16768495738506317,7478.0,0.3865335896369415,0.8584739346464103,0.2179983384114435,1.0270091858719084,0.7716063131054471,1.647217497851845,0.435435891391775,1.9833879195655175,1.928637972547643,4.100010027877631,1.088444697764494,4.940203302660786,0.47029272,0.3001803
102,soft,0.004709677946836095,0.1,,0.8917006850242615,1945.3877221266455,0.8884966373443604,0.06962961703538895,0.0938199982047081,0.16783206164836884,0.1285460740327835,0.18234404921531677,0.20911304652690887,0.14871583878993988,0.2954283058643341,0.29609084129333496,4966.0,0.16539451479911804,0.16580331325531006,7416.0,0.38123094801471386,0.8663365270731602,0.21427890946329747,1.0332885656245765,0.7609576084822527,1.661617863508849,0.42798049267376215,1.9945949793173399,1.9020049813227407,4.135668316365875,1.0698019231707419,4.967871374517886,0.46689218,0.2974274
103,soft,0.006097564631719359,0.1,,0.8917789459228516,1927.4051459470118,0.888566792011261,0.0705239549279213,0.09259483963251114,0.17016951739788055,0.12663298845291138,0.1809813231229782,0.21210160851478577,0.14699576795101166,0.2918780744075775,0.2925162613391876,4903.0,0.16296304762363434,0.16337379813194275,7363.0,0.3744688862827161,0.8767291981058503,0.2095350406558532,1.0416630437327135,0.7473761847275683,1.6806646121022195,0.4184709137350319,2.0095698830947577,1.8680366028953337,4.182835551606545,1.0460223272056803,5.0048498272962005,0.4624909,0.293868
104,soft,0.007894445195126793,0.1,,0.8918740749359131,1904.2015329925134,0.8886513113975525,0.07168326526880264,0.09102022647857666,0.173196941614151,0.12417800724506378,0.17917421460151672,0.2159699648618698,0.1447770893573761,0.2872932255268097,0.28789961338043213,4833.0,0.15983091294765472,0.16024267673492432,7257.0,0.36589411470787114,0.8905343061996233,0.2035185091914455,1.052909911716049,0.7301507027810701,1.7059854050921532,0.4064088829073918,2.0297272249658325,1.8249532586850865,4.245545441875109,1.015859758438609,5.054638942121587,0.45679298,0.28927085
105,soft,0.010220845321534082,0.1,,0.8919875025749207,1874.3210498006874,0.888749897480011,0.07318609207868576,0.08900010585784912,0.17711292207241058,0.12104081362485886,0.17676414549350739,0.22097232937812805,0.1419239193201065,0.28138262033462524,0.2819448709487915,4747.0,0.15580685436725616,0.15621629357337952,7137.0,0.3551081201001781,0.9089764100438782,0.19594950872503025,1.0681350214190262,0.7084776134150086,1.7398426355993448,0.39123228040414787,2.057087968610204,1.7707443886792416,4.329405679216882,0.9779082690157366,5.122241798880379,0.44942728,0.28334546
106,soft,0.013232808196731971,0.1,,0.8921183347702026,1835.9678777433658,0.8888601064682007,0.07513183355331421,0.08642004430294037,0.18217116594314575,0.11704857647418976,0.17353755235671997,0.2274276316165924,0.1382630467414856,0.27378562092781067,0.27428579330444336,4634.0,0.15065841376781464,0.15105992555618286,6999.0,0.34169933896572957,0.9337637031679696,0.18653987138435305,1.088923170749346,0.6815248796926858,1.7853967468943137,0.37236133981750885,2.0945602867694917,1.7033275962389265,4.442251179449161,0.9307175556770829,5.214861220010992,0.43991858,0.2757282
107,soft,0.01713236109762538,0.1,,0.8922614455223083,1787.0003505713587,0.8889744877815247,0.07764644920825958,0.08314266800880432,0.1886814683675766,0.11200393736362457,0.16920363903045654,0.23573152720928192,0.133590430021286,0.2640693783760071,0.26448339223861694,4506.0,0.14411506056785583,0.14449845254421234,6794.0,0.32531733834183685,0.9672766609840424,0.17504680026205122,1.1175471990638282,0.6485796707788587,1.847056898479941,0.3493058541297128,2.146330715129087,1.620917709902796,4.59501386081499,0.8730609078084919,5.3428706629092995,0.42768785,0.2659856
108,soft,0.022181066362914236,0.1,,0.8924053311347961,1725.0159465225618,0.8890780806541443,0.08088284730911255,0.07901354879140854,0.1970144659280777,0.1056901216506958,0.16338269412517548,0.24634626507759094,0.12767012417316437,0.2517441213130951,0.25203952193260193,4324.0,0.13588643074035645,0.13623546063899994,6540.0,0.3058163126397755,1.012791029419969,0.1613773192925763,1.1572300227671684,0.6093350145195335,1.9308931558112483,0.3218739484374925,2.2183542218932897,1.522743326619518,4.802744380124159,0.804457106400371,5.52103060034332,0.41204613,0.25362492
109,soft,0.028717565675416393,0.1,,0.8925284147262573,1647.6254965619987,0.8891446590423584,0.08501829206943512,0.07387427240610123,0.20757369697093964,0.09789974987506866,0.15559959411621094,0.25977930426597595,0.1202545017004013,0.2363167107105255,0.2364497184753418,4085.0,0.12571032345294952,0.1260010004043579,6195.0,0.28349137601130386,1.0746650330571312,0.14576113351612774,1.2123952755523075,0.5643633760447697,2.04497495469177,0.29051821274420486,2.3188201179923356,1.410231015290069,5.085448995844299,0.7260358626480851,5.769644148486277,0.3922402,0.23814994
110,soft,0.0371802944379948,0.1,,0.8925970792770386,1553.0566607152446,0.8891347050666809,0.09023842215538025,0.06759053468704224,0.22073884308338165,0.08848263323307037,0.14532725512981415,0.2764993906021118,0.11112397909164429,0.21741290390491486,0.21733123064041138,3814.0,0.11345000565052032,0.11365074664354324,5814.0,0.2593835763401107,1.1582933423476116,0.1289742133314885,1.288702705356234,0.5157310415132733,2.1992590844315436,0.25678464919245747,2.4582054767523585,1.288542402619316,5.467804366183064,0.6416606460491119,6.114686122753267,0.3675704,0.21918382
111,soft,0.04813688980885192,0.1,,0.8925679326057434,1441.1957009781356,0.888998806476593,0.09669476002454758,0.060099825263023376,0.23673556745052338,0.07742292433977127,0.13210661709308624,0.2967818081378937,0.10015783458948135,0.19499656558036804,0.19464556872844696,3494.0,0.0992504432797432,0.09932588785886765,5319.0,0.2354922658424041,1.269433510369802,0.11249065137547745,1.3924351248367288,0.4674329512069112,2.404282601614878,0.223620509785394,2.6480950430363936,1.1676638658247145,5.975900188746324,0.5586993452482533,6.5848647093227965,0.33762488,0.19668612
112,soft,0.06232226493886046,0.1,,0.8924015760421753,1314.9272391693542,0.8886918425559998,0.10444039106369019,0.05147991701960564,0.2554473876953125,0.06494339555501938,0.11577736586332321,0.3204845190048218,0.08742676675319672,0.1696675717830658,0.16900621354579926,3149.0,0.08371778577566147,0.08363812416791916,4761.0,0.2145388713306005,1.4124150540090754,0.09828927152463715,1.528664653815038,0.42493485803824893,2.6677572030459507,0.19499343638766922,2.897698624696529,1.06126570941727,6.628770704604827,0.4870736495911708,7.202962764430928,0.30266404,0.17125377
113,soft,0.08068790323871886,0.1,,0.8920840620994568,1181.0926288188941,0.888199508190155,0.11333312839269638,0.042015258222818375,0.27620428800582886,0.05158933624625206,0.09676499664783478,0.3468116521835327,0.07328253984451294,0.14290091395378113,0.14191602170467377,2764.0,0.06799804419279099,0.06774882972240448,4194.0,0.19898153617261372,1.5872069436102842,0.08808875655423225,1.6980997232286665,0.39321114484622655,2.989092096372521,0.17436482291495428,3.2079384183037933,0.9817989153485789,7.424802191574039,0.43544325809940726,7.971157848823211,0.26403797,0.14436202
114,soft,0.1044656790867251,0.1,,0.8916485905647278,1049.9639995637615,0.8875643014907837,0.12296221405267715,0.03222982585430145,0.2976890206336975,0.038235004991292953,0.07624839246273041,0.3742504119873047,0.05838530883193016,0.11696740984916687,0.11567304283380508,2404.0,0.05358261987566948,0.053163010627031326,3643.0,0.18969311751226403,1.7866268225108437,0.08236148145159998,1.893958458571507,0.37408811240763673,3.354382005886427,0.1627115337696641,3.565758584524397,0.9338500768940269,8.329350280456948,0.4062586372344511,8.856941720116557,0.22437455,0.11828821
115,soft,0.1352504857483258,0.1,,0.8911725878715515,932.6951952072643,0.8868870735168457,0.13264574110507965,0.02284303866326809,0.31811338663101196,0.025951728224754333,0.05598496273159981,0.40082165598869324,0.043638717383146286,0.09434985369443893,0.09276469051837921,2087.0,0.041811056435108185,0.04121958836913109,3196.0,0.18553165167059796,1.9960192714472174,0.08009641688231812,2.1014545062354957,0.36535211927516037,3.736249985696769,0.15803834496038266,3.943563760011541,0.91190326782599,9.274472751173588,0.3945386670205444,9.79183735197904,0.18719684,0.09552774
116,soft,0.17510721277149685,0.1,,0.8907488584518433,837.8301337400355,0.8862888216972351,0.14155100286006927,0.014635062776505947,0.3356189429759979,0.015750372782349586,0.037809040397405624,0.424576997756958,0.030058395117521286,0.07685299962759018,0.07498784363269806,1834.0,0.03334477171301842,0.03257814049720764,2815.0,0.18442522984494855,2.196432345171213,0.07969406772823098,2.301163507287935,0.3628897102466816,4.100143742171225,0.1571571204263783,4.305876331991541,0.9056827024848314,10.174655661935555,0.39231581442023344,10.688022550000122,0.1559066,0.07790303
117,soft,0.22670924836202908,0.1,,0.8904476165771484,768.982211816462,0.8858557939529419,0.14891541004180908,0.008241437375545502,0.3487497866153717,0.008285523392260075,0.023090025410056114,0.44409704208374023,0.01862061582505703,0.06498026102781296,0.0628611221909523,1640.0,0.02800344116985798,0.02707778662443161,2543.0,0.18484036210725513,2.36941290011301,0.08003603443970882,2.4742172277805494,0.3636186371693288,4.413069029593462,0.15782459460973813,4.618863072153031,0.9074788117909359,10.948425133302852,0.39398024317873587,11.461923701915067,0.13263778,0.065931916
118,soft,0.2935177967794275,0.1,,0.8902950882911682,724.7469821178406,0.8856117129325867,0.1542791873216629,0.003940462600439787,0.356783926486969,0.0036339065991342068,0.012452086433768272,0.4588531255722046,0.010057815350592136,0.05799373239278793,0.055679429322481155,1506.0,0.025050295516848564,0.024011095985770226,2377.0,0.18618649693637995,2.501565375979168,0.08072787801171323,2.607023994903846,0.3663154740782087,4.651356134899653,0.15923516076965588,4.858436448208222,0.9142220852486549,11.537414143182259,0.3975136100481654,12.054122618382705,0.117631696,0.058881804
119,soft,0.38001403845983894,0.1,,0.8902778029441833,700.1155683586566,0.8855288028717041,0.1576441079378128,0.0015367035521194339,0.35988113284111023,0.0012695339974015951,0.005745390895754099,0.46935009956359863,0.004571284633129835,0.054487280547618866,0.052043985575437546,1430.0,0.023624291643500328,0.022521138191223145,2283.0,0.18836089298675118,2.5891966863287137,0.08173540477425428,2.6958221745412025,0.37073183146802285,4.808732867254819,0.16130299479760293,5.018161703925236,0.9252804525048501,11.926230313291526,0.4026968452480835,12.448813920548345,0.10943809,0.05534196
120,soft,0.4919997049960055,0.1,,0.8903613090515137,688.4887037106711,0.8855569958686829,0.15944191813468933,0.0004675064410548657,0.358921080827713,0.0003357090172357857,0.0021802838891744614,0.47697076201438904,0.0016824330668896437,0.05301983281970024,0.050481926649808884,1397.0,0.023022152483463287,0.021879374980926514,2247.0,0.1914099159163749,2.6404628907849457,0.08310106511226992,2.7487717415890476,0.3769327940436486,4.900239814718795,0.16410037890124615,5.1130722298612,0.9408094753360758,12.152146269507895,0.40970739087640207,12.683248353967596,0.10575062,0.05386079
121,soft,0.636986230027759,0.1,,0.8905135989189148,683.8205548698866,0.8856496214866638,0.16029785573482513,0.00010563952673692256,0.3550020456314087,6.348652095766738e-05,0.0006483207689598203,0.4834003746509552,0.0004811819817405194,0.05251871421933174,0.049880292266607285,1383.0,0.022786183282732964,0.021601108834147453,2230.0,0.19546483729717262,2.6707664550632915,0.0848744325270665,2.781356859833389,0.3851690450276476,4.953914049998927,0.16771873007348026,5.171364364953079,0.9614327945777321,12.284538868067756,0.41877179027491024,12.827199872370578,0.104416184,0.05335599
122,soft,0.8246985783218538,0.1,,0.890714704990387,682.0328942493564,0.8857752084732056,0.1607549488544464,1.6781566955614835e-05,0.34893688559532166,8.056169463088736e-06,0.00014237983850762248,0.490039199590683,0.00010222565470030531,0.05237804725766182,0.0496114045381546,1380.0,0.022675320506095886,0.02143452689051628,2227.0,0.20070490720190268,2.694783784520807,0.08709825348807258,2.8083904382346225,0.39579596647898246,4.9963151617902515,0.17223858807040762,5.219872540198794,0.9880380589755164,12.389084695703737,0.43009011183832896,12.947032642840918,0.10402667,0.05321537
123,soft,1.0677275473544345,0.1,,0.8909560441970825,681.1015318839451,0.8859151601791382,0.16115084290504456,1.760467284839251e-06,0.3410670757293701,6.378565444720152e-07,2.1525474949157797e-05,0.49774184823036194,1.5354660718003288e-05,0.0523393414914608,0.0494120828807354,1379.0,0.022589515894651413,0.021280890330672264,2227.0,0.2072889070116779,2.722288893535748,0.08979091309580327,2.8397868874516194,0.40912895480422407,5.045000192217619,0.17769275815466398,5.276436388867179,1.0214131992814752,12.509161447392257,0.4437433433081404,13.086831303365585,0.10391624,0.05317766
124,soft,1.382374294495987,0.1,,0.8912332653999329,680.29626313818,0.8860562443733215,0.16166046261787415,1.1319890802496957e-07,0.3313913345336914,2.8858083922500555e-08,2.068593175863498e-06,0.5069451332092285,1.543418761684734e-06,0.05231923609972,0.049202773720026016,1378.0,0.022497132420539856,0.021113913506269455,2224.0,0.21526193952252395,2.7589693374133564,0.09292802215605768,2.881303254779821,0.42524925609201,5.1100250908855065,0.18402741911739168,5.351246927860122,1.0617590136042396,12.669567834815165,0.4595956274844985,13.271731220934903,0.10385969,0.05315806
125,soft,1.7897437364224256,0.1,,0.8915389776229858,679.4233167440176,0.8861865401268005,0.16240079700946808,4.048354540486798e-09,0.3197718858718872,6.624670811916644e-10,1.158063724915337e-07,0.5178264379501343,9.693052049897233e-08,0.05229417607188225,0.048968780785799026,1377.0,0.022390281781554222,0.0209344495087862,2224.0,0.22446247520023782,2.8087768864815503,0.0964291655236332,2.9368101961581576,0.4438101023684367,5.198081054353655,0.19107188840086214,5.45081926832123,1.1082024503955643,12.886718312105897,0.47721770997291285,13.51770305252854,0.10380693,0.05313251
126,soft,2.3171601604695518,0.1,,0.8918536901473999,678.441517351226,0.8862976431846619,0.1635117083787918,7.023834985853128e-11,0.3060568869113922,6.498074214128513e-12,3.4267599868798015e-09,0.5304299592971802,3.435564277509684e-09,0.05225375294685364,0.048715971410274506,1377.0,0.02226705104112625,0.020754456520080566,2214.0,0.2345578018136594,2.875411002902063,0.10018260782153958,3.009786196894184,0.46410081822898464,5.314889931661593,0.19858225488772765,5.580408495002847,1.1589551183142706,13.174483775496457,0.495994526679142,13.837444367131589,0.10375627,0.053089935
127,soft,3.0,0.1,,0.8921394944190979,677.3708500306882,0.886389970779419,0.1651977300643921,4.863300517507496e-13,0.29010167717933655,2.1361730472620882e-14,4.739337394754628e-11,0.544701874256134,5.874757624813043e-11,0.05219165235757828,0.04845710098743439,1377.0,0.022130297496914864,0.020586077123880386,2213.0,0.24521836470959638,2.9629716957377172,0.10413007625454851,3.104059984192767,0.4853858212933181,5.465947621511745,0.20640086148767844,5.744932581317387,1.2121582838903966,13.545904630512862,0.5155213025929675,14.242541611810323,0.10371939,0.053023227
