p,eps,pred_exc,obs_exc,pred_cdf,obs_cdf,pred_ratio,obs_ratio
0.9,1.0,940.0687491887024,881.2891218005102,7464.305508341841,4870.307870645051,7.9401698171369715,5.526345157528791
0.9,0.5,1765.975228935487,1681.7455217719485,3562.296364344498,3472.5016497290176,2.017183653528264,2.064819917623603
0.9,0.2,4326.98403371758,4064.7213926664094,5473.497917388015,5284.821321699012,1.2649683647400458,1.300168156969851
0.95,1.0,1776.1241853505594,1688.825614024521,26316.95924060228,15479.587494360188,14.817071608879655,9.16588863042637
0.95,0.5,3432.323970851384,3261.385845233801,9359.153280976554,8978.888703198169,2.726768615217586,2.753089983609251
0.95,0.2,8486.681726670711,7878.55519749656,12026.34375806012,12139.278863421076,1.4170843381890326,1.540800128845753
0.99,1.0,8347.0512497326,7878.55519749656,588945.0292398157,296814.9971167943,70.55725568459673,37.673785316768274
0.99,0.5,16694.102499465196,15270.542753942967,126581.3857363177,120572.9051060016,7.5824013743998995,7.895783866285224
0.99,0.2,41735.256248663,46008.40240651698,91739.47027573074,89995.44730487662,2.1981288369032033,1.956065470600409
