j,kappa,temp,V_dev,V_true,cost_true,G_true_p0.9,G_true_p0.95,G_true_p0.99,frac_Mistral-7B,frac_Mixtral-8x7B,frac_GPT-3.5,frac_Claude-2,frac_GPT-4,V_tau_p0.9_eps1.0,V_F_p0.9_eps1.0,V_tau_p0.95_eps1.0,V_F_p0.95_eps1.0,V_tau_p0.99_eps1.0,V_F_p0.99_eps1.0,V_tau_p0.9_eps0.5,V_F_p0.9_eps0.5,V_tau_p0.95_eps0.5,V_F_p0.95_eps0.5,V_tau_p0.99_eps0.5,V_F_p0.99_eps0.5,V_tau_p0.9_eps0.2,V_F_p0.9_eps0.2,V_tau_p0.95_eps0.2,V_F_p0.95_eps0.2,V_tau_p0.99_eps0.2,V_F_p0.99_eps0.2
0,3.0,0.0,0.782529239766082,0.7788600853663313,0.0026525935701139365,0.9229745075772409,0.9064886243489838,0.7856835180326585,0.0022712143164819675,0.02322120844265184,0.028742608763754552,0.18655284489172574,0.7592121235853859,4.614872537886204,0.38512746211379567,4.532443121744919,0.46755687825508085,3.9284175901632925,1.0715824098367075,9.229745075772408,0.7513281382569081,9.064886243489838,0.9161869705394786,7.856835180326585,2.124238033702732,23.074362689431023,1.8715607792241695,22.662215608724594,2.2837078599305953,19.642087950816464,5.3038355178387295
1,9.84578361753442,0.0,0.7756898757309942,0.7694521674433177,0.001755879006931119,0.8365508869483494,0.7914398715589145,0.6424012217566668,0.0023886909190586206,0.027411207267885814,0.1715941574969652,0.07808278184594901,0.7205231624701414,4.182754434741748,0.8172455652582528,3.9571993577945728,1.0428006422054275,3.212006108783334,1.787993891216666,8.365508869483495,1.6145853728576836,7.9143987155891455,2.065695526752033,6.424012217566668,3.5560820247745104,20.913772173708736,4.029354232980344,19.785996788972863,5.157129617716218,16.06003054391667,8.88309586277241
2,32.313151681103065,0.0,0.7700977704678363,0.7631984962994871,0.0012629295297020013,0.7514978266828524,0.6944825155656499,0.5461878842463876,0.003406821474722951,0.032423542311156364,0.26886478443043427,0.0045032697654383835,0.690801582018248,3.7574891334142615,1.2425108665857383,3.472412577828249,1.5275874221717507,2.730939421231938,2.269060578768062,7.514978266828523,2.4566315542154524,6.944825155656498,3.0267846653874777,5.461878842463876,4.5097309785801,18.787445667071307,6.131439535911478,17.362062889141246,7.556822313841541,13.65469710615969,11.264188096823096
3,106.04943315090321,0.0,0.7563916301169591,0.7451619219172182,0.0010362700473822315,0.6267768336139719,0.569800681364295,0.4433175392567647,0.006343736539139288,0.11669342522614246,0.30653561499001447,0.004699064103066139,0.5657281591416377,3.1338841680698595,1.8661158319301405,2.849003406821475,2.150996593178525,2.2165876962838236,2.7834123037161764,6.267768336139719,3.679367192700787,5.69800681364295,4.249128715197557,4.433175392567647,5.513960136272859,15.669420840349296,9.17953781348072,14.245017034107374,10.603941619722644,11.082938481419117,13.7660201724109
4,348.04659052199156,0.0,0.6206094663742691,0.6136449073892782,0.0002035997650467952,0.04836120139405568,0.024513451070995028,0.005599718056153816,0.013039902886008536,0.4457845479108744,0.4966519168265654,0.0,0.04452363237655167,0.24180600697027843,4.758193993029722,0.12256725535497513,4.8774327446450245,0.027998590280769082,4.972001409719231,0.4829593661484643,9.408374776468102,0.24480818681390398,9.646525955802662,0.055997180561538164,9.83533696205503,1.207165326873985,23.482360794887725,0.6119039227861721,24.07762219897554,0.1399929514038454,24.54953317035787
5,1142.263806366712,0.0,0.5797286184210526,0.5736891569095821,0.0001231337353643755,0.0018013079061753533,0.0005090652778321651,3.915886752555116e-05,0.25265301327485606,0.3762775580530211,0.3710694286721228,0.0,0.0,0.009006539530876767,4.990993460469123,0.0025453263891608256,4.997454673610839,0.0001957943376277558,4.999804205662373,0.007244390492226964,7.88731383221734,0.003459033298090353,7.891099189411477,0.0003915886752555116,7.894166634034312,0.014265016027165065,18.970187048856545,0.008064862002286132,18.97638720288142,0.000978971688138779,18.98347309319557
6,3748.827423875962,0.0,0.48758680555555567,0.4752006891960686,6.469993342992572e-05,0.0014880369659709442,0.00035242980772996047,0.0,0.5660805889493676,0.42436464737439794,0.009554763676234482,0.0,0.0,0.00744018482985472,4.992559815170146,0.0017621490386498023,4.99823785096135,0.0,5.0,0.0041116810901828706,5.278550077664796,0.001892678597068306,5.2807690801579135,0.0,5.282661758754981,0.006433242522054833,11.515457496777225,0.0041489752497310154,11.517741764049545,0.0,11.521890739299275
7,12303.381211653892,0.0,0.384516630116959,0.37089321376825796,5.00779183146029e-05,0.0013314014958687394,0.0001957943376277558,0.0,0.864510318361593,0.13443239221521713,0.0010572894231898812,0.0,0.0,0.006657007479343697,4.993342992520656,0.000978971688138779,4.999021028311861,0.0,5.0,0.0022190024931145647,2.7935283444936463,0.0003263238960462597,2.795421023090716,0.0,2.795747346986763,0.0015850017807961178,4.414835989609483,0.00023308849717589976,4.416187902893104,0.0,4.4164209913902805
8,4.037880972466095,0.0,0.7820723684210528,0.7783118612209736,0.002585068692485394,0.9147903042644007,0.8980303089634648,0.7774601558522928,0.0022712143164819675,0.023377843912754045,0.03727924188432471,0.18616125621647023,0.7509104436699691,4.573951521322003,0.4260484786779966,4.490151544817324,0.5098484551826761,3.8873007792614636,1.1126992207385362,9.147903042644007,0.8331701713853101,8.980303089634647,1.0007701243946692,7.774601558522927,2.2064716555063892,22.869757606610015,2.0761658620451744,22.45075772408662,2.4951657445685718,19.43650389630732,5.509419572347873
9,5.434827582601242,0.0,0.7822551169590645,0.778018169714532,0.0025610582370677653,0.9091514273407213,0.8920390022320555,0.7714688491208834,0.0023495320515330696,0.026510553314798135,0.0404119512863688,0.18161882758350628,0.7491091357637937,4.545757136703607,0.45424286329639346,4.460195011160277,0.5398049888397227,3.857344245604417,1.1426557543955829,9.091514273407213,0.8889062928300115,8.920390022320554,1.0600305439166702,7.714688491208834,2.26573207502839,22.728785683518034,2.2152730771597513,22.300975055801388,2.6430837048763975,19.286721228022085,5.657337532655699
10,7.315062294806486,0.0,0.7813185307017545,0.7768727728394096,0.002392704107765193,0.8866742373810549,0.8675647100285859,0.7456631554215452,0.0023886909190586206,0.0269413008575792,0.06637428045580922,0.18036574382268863,0.7239299839448643,4.4333711869052745,0.5666288130947253,4.33782355014293,0.6621764498570701,3.728315777107726,1.271684222892274,8.866742373810549,1.1133518685306287,8.67564710028586,1.3044471420553185,7.456631554215452,2.523462688125726,22.166855934526374,2.7762704721627065,21.68911775071465,3.2540086559744306,18.64157888553863,6.30154752115045
11,13.252034109420212,0.0,0.7755345394736841,0.7686533265457964,0.0017111996005795501,0.8288757489133415,0.7837647335239065,0.6355092610721698,0.002467008654109723,0.027802795943141324,0.17907350119434545,0.07808278184594901,0.7125739123624545,4.1443787445667075,0.8556212554332928,3.9188236676195323,1.0811763323804675,3.177546305360849,1.822453694639151,8.288757489133415,1.6906841054156712,7.8376473352390645,2.1417942593100205,6.355092610721698,3.624348983827388,20.721893722833535,4.2193679758781375,19.594118338097662,5.347143360614011,15.887731526804245,9.053530171907429
12,17.836712125633174,0.0,0.7707373903508773,0.7645690566628814,0.00131128246857501,0.7659474487997807,0.7091670908877316,0.5569957316834397,0.0026628029917374787,0.02839017895602459,0.25887927321141874,0.0045032697654383835,0.7055644750753808,3.8297372439989035,1.1702627560010965,3.5458354544386577,1.4541645455613423,2.7849786584171987,2.2150213415828013,7.659474487997807,2.318335487071047,7.091670908877315,2.8861390661915394,5.569957316834397,4.407852658234457,19.148686219994516,5.787913708773637,17.729177272193287,7.207422656574867,13.924893292085994,11.011706636682161
13,24.007506834483152,0.0,0.770280519005848,0.7636292438422682,0.0012667835767709605,0.7549829658926264,0.6979676547754239,0.5489290049731762,0.0030152327994674394,0.030152327994674395,0.2680424482123977,0.0045032697654383835,0.694286721228022,3.774914829463132,1.2250851705368682,3.4898382738771194,1.5101617261228806,2.7446450248658807,2.2553549751341193,7.549829658926264,2.4250434010781743,6.979676547754239,2.9951965122501996,5.489290049731761,4.485583010272676,18.87457414731566,6.053634595554164,17.4491913693856,7.4790173734842265,13.723225124329405,11.20498361854042
14,43.49222011117894,0.0,0.7685444078947369,0.7612797117907352,0.0012372717233817643,0.7376747464463328,0.6806202764616047,0.5344793828562477,0.0035242980772996046,0.03649606453381368,0.27849786584171987,0.0045032697654383835,0.6769785017817285,3.6883737322316636,1.3116262677683361,3.403101382308024,1.5968986176919764,2.672396914281239,2.327603085718761,7.376747464463327,2.593883384892509,6.806202764616048,3.16442808473979,5.344793828562478,4.625837020793359,18.44186866115832,6.474219479858356,17.01550691154012,7.900581229476558,13.361984571406195,11.554103569610481
15,58.53880267907889,0.0,0.7662600511695907,0.7574029839057056,0.0011730080510631668,0.714884285546462,0.6578298155617339,0.5125504170419392,0.0035634569448251556,0.054704937933194975,0.2830402944746838,0.0045032697654383835,0.6541880408818577,3.57442142773231,1.42557857226769,3.28914907780867,1.7108509221913302,2.562752085209696,2.437247914790304,7.14884285546462,2.8214616699951707,6.57829815561734,3.392006369842451,5.125504170419392,4.844800355040399,17.87210713866155,7.0430486483664225,16.44574538904335,8.469410397984625,12.813760426048479,12.101395360979494
16,78.79090582959996,0.0,0.7616913377192983,0.7510984062340919,0.0010883555781806818,0.6746289697301954,0.6173787054078396,0.47429220346947565,0.004072522222657321,0.08767670438970905,0.2900105728942319,0.0046599052355405885,0.6135802952578612,3.373144848650977,1.626855151349023,3.086893527039198,1.913106472960802,2.3714610173473782,2.6285389826526218,6.746289697301954,3.219772617509235,6.173787054078396,3.792275260732793,4.7429220346947565,5.223140280116431,16.865724243254885,8.03731094191994,15.43446763519599,9.468567549978836,11.857305086736892,13.045730098437934
17,142.73832942028233,0.0,0.7119014985380118,0.7030622234404982,0.000668193875553109,0.3854015741864745,0.3285820574068998,0.2403962877393586,0.0066178486118181465,0.18811919959274778,0.4762109879782277,0.0045032697654383835,0.324548694051768,1.9270078709323726,3.0729921290676274,1.642910287034499,3.357089712965501,1.2019814386967929,3.798018561303207,3.854015741864745,6.090835519703436,3.285820574068998,6.659030687499184,2.4039628773935857,7.540888384174596,9.635039354661863,15.207392821247229,8.214551435172496,16.627880740736597,6.009907193483964,18.832524982425127
18,192.12012813591835,0.0,0.6610060307017545,0.6543877511062379,0.00033810222813956443,0.1807964913654697,0.12722716059051573,0.07244390492226965,0.006657007479343697,0.2244977875239848,0.6437326232525356,0.0015271958334964952,0.12358538591063946,0.9039824568273486,4.0960175431726515,0.6361358029525787,4.3638641970474215,0.36221952461134826,4.637780475388651,1.8079649136546971,8.136560024017438,1.2722716059051573,8.672253331766978,0.7244390492226965,9.22008588844944,4.519912284136743,20.321587537783643,3.180679014762893,21.660820807157496,1.8110976230567413,23.030402198863648
19,258.58606994259105,0.0,0.6515944809941522,0.64565532364804,0.0003000194384618416,0.14625837020793359,0.09319810471081176,0.04327054861573403,0.009398128206132278,0.24168853036770177,0.6578298155617339,0.00046990641030661396,0.09061361945412538,0.731291851039668,4.268708148960332,0.46599052355405884,4.5340094764459415,0.21635274307867017,4.78364725692133,1.4619310542872432,8.459751210661636,0.9316547232120713,8.990027541736808,0.43270548615734034,9.488976778791539,3.6545945472209325,21.121640495490198,2.32902026378159,22.447214778929542,1.0817637153933508,23.69447132731778
20,468.4569018001491,0.0,0.6137563961988305,0.6090926890394329,0.0001821226299095436,0.014567098719505032,0.0014880369659709442,0.00011747660257665349,0.018013079061753534,0.5169753690723264,0.42882875827231076,0.0,0.03618279359360927,0.07283549359752516,4.927164506402475,0.00744018482985472,4.992559815170146,0.0005873830128832674,4.999412616987117,0.14501833940295777,9.70487266841573,0.01455404576366318,9.835336962055024,0.0011747660257665348,9.848716241792921,0.3623127600102186,24.20880440518612,0.03626857016057,24.53484859503577,0.0029369150644163373,24.568180250131924
21,630.5244033997463,0.0,0.597843567251462,0.5912754043153071,0.0001501154560050134,0.0014097192309198419,0.0005090652778321651,7.831773505110232e-05,0.0825077338763363,0.5094568665074206,0.4080353996162431,0.0,0.0,0.007048596154599209,4.9929514038454,0.0025453263891608256,4.997454673610839,0.0003915886752555116,4.999608411324744,0.009202333868504524,9.303233217161923,0.004111681090182872,9.308323869940242,0.0007831773505110232,9.311652373679914,0.02125767094244206,23.014272474858917,0.00992956997969333,23.025600575821663,0.001957943376277558,23.03357220242508
22,848.6608303877912,0.0,0.5806971856725146,0.5753338293456552,0.00012463256451423642,0.0018404667737009046,0.0005482241453577162,7.831773505110232e-05,0.23189881348631397,0.38786858284058423,0.3802326036731018,0.0,0.0,0.009202333868504524,4.9907976661314954,0.0027411207267885812,4.997258879273211,0.0003915886752555116,4.999608411324744,0.007635979167482475,8.059873908446765,0.0038506219733458647,8.063659265640903,0.0007831773505110232,8.066726710263737,0.015243987715303844,19.46335569118137,0.009043833690424911,19.469555845206248,0.001957943376277558,19.476641735520392
23,1537.44176308828,0.0,0.526813779239766,0.5152288835806869,8.120722089517246e-05,0.0018013079061753533,0.0005090652778321651,3.915886752555116e-05,0.4690840740885774,0.37792223048909424,0.15299369542232838,0.0,0.0,0.009006539530876767,4.990993460469123,0.0025453263891608256,4.997454673610839,0.0001957943376277558,4.999804205662373,0.007244390492226964,6.083721658769001,0.003459033298090353,6.087507015963138,0.0003915886752555116,6.090574460585973,0.014265016027165065,13.81706655329116,0.008064862002286132,13.823266707316035,0.000978971688138779,13.83035259763018
24,2069.335613816298,0.0,0.5180235745614035,0.5033245878529193,7.548246857500931e-05,0.0016838313035987,0.00043074754278106276,0.0,0.510827426870815,0.3633551317695892,0.12581744135959588,0.0,0.0,0.0084191565179935,4.991580843482007,0.002153737713905314,4.997846262286095,0.0,5.0,0.0060696244664604285,5.737035151609674,0.0026758559475793297,5.740428920128549,0.0,5.743104776076128,0.011328100962748729,12.826114116397424,0.006106918626008574,12.83133529873416,0.0,12.83744221736017
25,2785.2436335584243,0.0,0.5034128289473685,0.4926968712064849,7.018136037905842e-05,0.0015663547010220465,0.00043074754278106276,0.0,0.5461095665113365,0.36053569330774954,0.09335474018091397,0.0,0.0,0.007831773505110232,4.99216822649489,0.002153737713905314,4.997846262286095,0.0,5.0,0.004894858440693894,5.444192087297831,0.0026758559475793297,5.4464110897909475,0.0,5.449086945738528,0.008391185898332392,11.989000087639836,0.006106918626008574,11.991284354912157,0.0,11.997391273538165
26,5045.7729746426085,0.0,0.47232730263157907,0.46099776794455116,6.127827074441042e-05,0.0012922426283431883,0.0001957943376277558,0.0,0.6194932842542193,0.37921447311743745,0.0012922426283431883,0.0,0.0,0.0064612131417159414,4.993538786858284,0.000978971688138779,4.999021028311861,0.0,5.0,0.002153737713905313,4.835402226834453,0.0003263238960462597,4.837229640652312,0.0,4.8375559645483595,0.0015383840813609378,10.248621514626063,0.00023308849717589976,10.249926810210246,0.0,10.250159898707421
27,6791.410228564342,0.0,0.4466511330409358,0.43464385009985523,5.696532873869315e-05,0.0013314014958687394,0.0001957943376277558,0.0,0.703449896229001,0.29549281434780905,0.0010572894231898812,0.0,0.0,0.006657007479343697,4.993342992520656,0.000978971688138779,4.999021028311861,0.0,5.0,0.0022190024931145647,4.135698528932293,0.0003263238960462597,4.13759120752936,0.0,4.137917531425407,0.0015850017807961178,8.249607945145884,0.00023308849717589976,8.250959858429502,0.0,8.251192946926677
28,9140.968712710528,0.0,0.420700840643275,0.4085248854603126,5.363495320515368e-05,0.0013314014958687394,0.0001957943376277558,0.0,0.779183146023417,0.21975956455339313,0.0010572894231898812,0.0,0.0,0.006657007479343697,4.993342992520656,0.000978971688138779,4.999021028311861,0.0,5.0,0.0022190024931145647,3.5045881139792447,0.0003263238960462597,3.5064807925763106,0.0,3.506807116472357,0.0015850017807961178,6.446435330993827,0.00023308849717589976,6.447787244277445,0.0,6.448020332774621
29,16559.86296384469,0.0,0.334626279239766,0.3259779927164506,4.68496847711171e-05,0.0013705603633942906,0.00023495320515330698,0.0,0.9594705721110546,0.04002036261111329,0.0005090652778321651,0.0,0.0,0.0068528018169714535,4.993147198183029,0.0011747660257665348,4.998825233974234,0.0,5.0,0.0022842672723238167,2.0021276318018693,0.0003915886752555116,2.004020310398937,0.0,2.0044118990741926,0.0016316194802312978,2.153830949303913,0.00027970619661107975,2.155182862587534,0.0,2.1554625687841455
30,22288.918522784857,0.0,0.31061769005847945,0.30517484434350156,4.5622430199319206e-05,0.0013705603633942906,0.00023495320515330698,0.0,0.9987077573716568,0.0012922426283431883,0.0,0.0,0.0,0.0068528018169714535,4.993147198183029,0.0011747660257665348,4.998825233974234,0.0,5.0,0.0022842672723238167,1.6751510879636697,0.0003915886752555116,1.6770437665607387,0.0,1.6774353552359946,0.0016316194802312978,1.2196122526237976,0.00027970619661107975,1.2209641659074189,0.0,1.2212438721040302
31,30000.0,0.0,0.30979532163742685,0.3045091435955672,4.5586435368289685e-05,0.0013705603633942906,0.00023495320515330698,0.0,1.0,0.0,0.0,0.0,0.0,0.0068528018169714535,4.993147198183029,0.0011747660257665348,4.998825233974234,0.0,5.0,0.0022842672723238167,1.6643823993941615,0.0003915886752555116,1.666275077991227,0.0,1.666666666666482,0.0016316194802312978,1.18884457099658,0.00027970619661107975,1.1901964842802013,0.0,1.1904761904768124
32,3.0,0.01,0.7820330561946873,0.7782406721353745,0.0027097311947173346,0.9205132832163024,0.9027919787340426,0.7812017181635749,0.0014908143672183877,0.02228649465587602,0.0355667793486505,0.14832174546380822,0.7923341661644379,4.189985256065236,0.29274677162250634,4.107555452510468,0.37517657517726727,3.5212772160512205,0.9614548116364983,8.37997051213047,0.5794628164390032,8.215110905020936,0.7443224235485224,7.042554432102441,1.9168788964669838,20.949926280325922,1.4465032100953557,20.537777262552197,1.8586522278691557,17.606386080256044,4.790043410165342
33,4.037880972466095,0.01,0.7817451843998161,0.7777515275565317,0.0026326638192959687,0.9134352280262248,0.8946883590490714,0.7723100727378147,0.001590885633375951,0.02323598674442618,0.043738713243489324,0.15168948063053062,0.7797449337481823,4.1735814541581835,0.3165512318370234,4.090053565682998,0.40007912031219905,3.5040134068556053,0.986119279139588,8.347162908316324,0.6266291471653317,8.180107131365997,0.7936849241156406,7.0080268137112105,1.9657652417704166,20.867907270790532,1.56426096916021,20.450267828414844,1.9819004115359633,17.520067034278,4.912101205672961
34,5.434827582601242,0.01,0.7811166929546434,0.7768024501640085,0.002508912468626929,0.9018758238046266,0.8807203209557682,0.7562143346859944,0.0017071839689262736,0.024436713464028818,0.05908294458250697,0.1509637224459878,0.7638094355385494,4.128137405083889,0.3550076099404583,4.041183164363555,0.4419618506608035,3.4534321409829696,1.0297128740413344,8.25627481016492,0.7030609992495411,8.082366328727108,0.8769694806873746,6.906864281965939,2.0524715274484358,20.64068702541104,1.7551688478983571,20.205915821817467,2.1899400514919085,17.267160704914836,5.12869516839464
35,7.315062294806486,0.01,0.7796494308647033,0.7747654558746089,0.0022903700902956996,0.8813578740050716,0.8543158651632312,0.7242144302701483,0.0018364647190154601,0.025860651714979303,0.09053081286202252,0.13693736296340114,0.7448347077405644,4.021408497153612,0.42564037321492354,3.9194279756906183,0.5276208946778761,3.3181575208643017,1.1288913495041706,8.042816993590511,0.8437718996759374,7.838855951381234,1.0477329418851327,6.636315041728603,2.2502738515377207,20.107042483720083,2.1067480182062934,19.59713987845309,2.6166506234733307,16.59078760432154,5.6230028976048265
36,9.84578361753442,0.01,0.776895228166241,0.7712485937550221,0.0019419176164030927,0.8479815624594802,0.8101835641045796,0.6700082115076058,0.0019674186258173314,0.02761659395371712,0.14437633196194358,0.10011016633395131,0.7259294891245452,3.9167379634236967,0.5819379668909521,3.76282617057516,0.735849759739481,3.110349567878682,1.3883263624359454,7.833475855102058,1.1557814032452316,7.525652341150296,1.463604917196979,6.220699135757364,2.768558122589883,19.583689612131742,2.8865626043499875,18.8141308528757,3.656121363606008,15.551747839393416,6.91850437708818
37,13.252034109420212,0.01,0.7736580402405817,0.7677296444386844,0.0015979264705757172,0.808414039206072,0.760098733354361,0.6119437969674382,0.002084789745668347,0.029486411965550536,0.2019516885267588,0.05336633628517572,0.7131107734768326,3.8271070356186616,0.7849282838731906,3.607916704564414,1.0041186149274401,2.898086484253928,1.7139488352379353,7.65421393411216,1.5612027655563145,7.215833409120195,1.9995832905482815,5.796172968507856,3.4192437311606403,19.13553478630703,3.899916270251379,18.039583522797333,4.995867533761197,14.49043242126961,8.545018635289052
38,17.836712125633174,0.01,0.7708334625151408,0.7649953193024337,0.0013470564745707708,0.7718801643022742,0.7165488365555462,0.5652138315433517,0.0022036531214435513,0.03137347069823486,0.24796201245989963,0.01380304469564678,0.7046578190247935,3.760124213843342,1.0156054318676289,3.490914181202154,1.2848154645088221,2.7540808948536175,2.0216487508573597,7.52024824269262,2.022006612568679,6.981828356045343,2.5604264992159704,5.508161789707235,4.034093065554078,18.80062054066231,5.051729298862322,17.454570887842323,6.39777895168217,13.77040447426817,10.081945365256379
39,24.007506834483152,0.01,0.7698652514114703,0.7637712847937461,0.0012721820071253805,0.7576777231845715,0.7008115270186657,0.5500330001442254,0.002349055832658435,0.03348517261412332,0.2622982293801104,0.005129693156040092,0.6967378490170488,3.7446927378907193,1.1161903430032931,3.4614005798573446,1.3994825010366572,2.7234224176492785,2.1374606632447444,7.489385195604826,2.2225234567517003,6.922801128293988,2.7891075240625174,5.446844835298557,4.265063817057988,18.72346288894925,5.5527882028596,17.307002809513584,6.969248282295382,13.617112088246476,10.659139003562625
40,32.313151681103065,0.01,0.7695614522401002,0.7629431579776914,0.0012607410778634196,0.7508398067757646,0.6938914404612065,0.5448256668967164,0.002531813049078521,0.03629315115738036,0.2662945028239443,0.004700907819690897,0.6901796251498981,3.7143369670312305,1.14835434792526,3.430306573703249,1.4323847412532285,2.6997861215485015,2.1629051934079455,7.428673511375203,2.285934654617851,6.860613102825414,2.8539950631676123,5.399572243097003,4.315035922895967,18.571683627478315,5.7109887646757596,17.15153274114188,7.131139651012304,13.49893060774264,10.783741784411244
41,43.49222011117894,0.01,0.7687596037792128,0.7614236968344247,0.0012383195878699815,0.7388524233920665,0.6818908261611023,0.5350506004532438,0.0027976835103426423,0.04092126678802802,0.2734260162021918,0.00468423018133278,0.6781708033180991,3.6467525691930995,1.1955817169962162,3.3627908354801117,1.479543450709204,2.642563761659714,2.199770524529612,7.293504430906221,2.37898338423842,6.7255816007017755,2.9469062144428673,5.285127523319428,4.387360291825235,18.23376082459427,5.943108442826697,16.813953976662184,7.362915290758629,13.212818808298628,10.96405045912245
42,58.53880267907889,0.01,0.7652354456763463,0.7561056094738664,0.001159992454610744,0.7068012583067458,0.6498114214649089,0.5060060357619067,0.003194079942059401,0.06451395129797904,0.28153937065885365,0.0046820984124465006,0.6460704996886688,3.4507680406680623,1.3073458871134678,3.1672712961062026,1.590842631675311,2.4638149632043382,2.294298964577177,6.901534744217628,2.6002319348051643,6.334542463205973,3.1672242158167805,4.9276299264086765,4.574136752614076,17.253836383001325,6.495415608648051,15.836356111940981,7.912895879708465,12.319074816021601,11.430177175627872
43,78.79090582959996,0.01,0.7604476402667525,0.7503097380760697,0.001083168906870213,0.6667843292691821,0.6097663040781828,0.47190082191340854,0.0037855845928630653,0.09612929583834562,0.289390748435242,0.0047206792842641385,0.6059736918492882,3.262486449985209,1.5009091093830034,2.9793325890272118,1.7840629703409991,2.317597345291834,2.445798214076368,6.524969992360166,2.983494168861973,5.95866488881227,3.549799272409865,4.635194690583668,4.873269470638453,16.312423942468087,7.452191118617741,14.896662118729825,8.867952942356064,11.587986726459095,12.176628334626757
44,106.04943315090321,0.01,0.7528523937423321,0.7417416703010316,0.001004771278494676,0.603855998528215,0.5472635242070281,0.4260379183572963,0.00466253681979585,0.12810217192836237,0.319167842047732,0.004746441095870471,0.5433210081082347,2.835302502870157,1.6730670588423497,2.5557659786030227,1.9526035831094926,2.0049969303107993,2.5033726314017244,5.67059755667842,3.3213208680886077,5.111531122101418,3.880387302665628,4.009993860621599,4.981924564145464,14.176491231316858,8.294440295365755,12.778827507001964,9.692104019680658,10.024984651553982,12.445946875128646
45,142.73832942028233,0.01,0.7086512953611188,0.6991388005448812,0.0006492356302341088,0.37604511266810847,0.32088569351597074,0.23371407260932017,0.005897492558780913,0.18169630956551208,0.4914839391762167,0.004328322301724839,0.31659393639776284,1.6263534640235529,2.6342031819815976,1.3575618880139595,2.9029947579911983,0.9879026212000357,3.2726540248051266,3.252684095709444,5.233951592283058,2.71512054179927,5.7715151461932415,1.9758052424000714,6.510830445592437,8.131702084867394,13.072573705107565,6.787800199416505,14.416475590558438,4.939513106000209,16.264762683974823
46,192.12012813591835,0.01,0.6597311159332505,0.6532711354525484,0.0003383986379112822,0.1813443082829212,0.12907643041022512,0.07325144973426875,0.0072504622928871,0.22672835038004624,0.6377346914812134,0.0021844937223168878,0.1261020021235223,0.8504840934453116,3.652670539659099,0.5991801104158541,3.9039745226885523,0.34376810752610315,4.159386525578317,1.7008890628162667,7.260129060328309,1.1983441337265552,7.762673989417991,0.6875362150522063,8.273481908092359,4.252194398442692,18.134175501181478,2.995854588921655,19.390515310702494,1.7188405376305058,20.66752936199373
47,258.58606994259105,0.01,0.6479609872927274,0.6420549932832598,0.00029056717182743394,0.13544417708280507,0.08875148504843863,0.04392945829831665,0.010389966013766272,0.282066550934551,0.6160936768146097,0.000555329345552075,0.09089447689151856,0.6146362865135272,3.6992277938652838,0.4073189697979347,3.9065451105808915,0.20715789436320653,4.106706186015644,1.2290285646010104,7.333001428997045,0.814562219086894,7.747467774511164,0.41431578872641306,8.14771420487169,3.0724842656360383,18.309127087230646,2.0363785046783076,19.345232848188427,1.035789471816041,20.34582188105059
48,348.04659052199156,0.01,0.6236771817298334,0.6179590042921008,0.0002135297582631516,0.05680890095514225,0.02774968235642157,0.006772628019829398,0.014404845663861982,0.40815855099864823,0.531372484333855,3.332884027313015e-06,0.046060786119620695,0.18552592169464655,3.977496905478535,0.08210552080475156,4.080917306368431,0.017807357801384892,4.145215469371803,0.3705733034290453,7.866030430834308,0.16401219741642425,8.072591536846936,0.035614715602769784,8.200989018660591,0.9262623514439535,19.633303441327495,0.40995947775781627,20.1496063150136,0.08903678900692394,20.470529003764483
49,468.4569018001491,0.01,0.6116463290859854,0.6059675193895132,0.00017823381626781715,0.012670190963946162,0.0023453168373338508,0.00021038179510269445,0.02884513002097469,0.4905446466162565,0.45265565260771073,1.796997034643566e-07,0.02795439105536263,0.0365132654160855,4.385638768858306,0.00407837593375238,4.418073658340626,0.0005631136449127034,4.421588920629466,0.07236909870769262,8.644203119057886,0.00786539595203524,8.708706821813536,0.0011262272898254068,8.715445990475732,0.18068794958191772,21.56512407669536,0.019559434195991855,21.7262525920812,0.0028155682245635167,21.742996458052637
50,630.5244033997463,0.01,0.5953068845012769,0.5886953070345184,0.00014648050366419525,0.0015451226353052072,0.0005537669450427188,9.24700266054051e-05,0.11711226779486035,0.45329753948755774,0.4295224757939106,2.9835361857812718e-09,6.771394012631852e-05,0.0055972496484408265,4.129895565552794,0.0023266850704444747,4.133166130130815,0.0004087425187383377,4.135084072682524,0.007812630208120355,7.725701438404122,0.003930915873865222,7.729583152738421,0.0008174850374766754,7.732696583574816,0.01832376513145768,19.123507277188658,0.009569270303583146,19.13226177201656,0.002043712593691688,19.13978732972645
51,848.6608303877912,0.01,0.5821942400137615,0.5763798616634066,0.00012672078057068172,0.0017928288763041612,0.0005332158490486114,6.156558615886305e-05,0.22876024729812772,0.37123869539762244,0.4000010554333501,1.0238882215332315e-12,1.8698701962184098e-09,0.008666069232608974,4.573321322394736,0.002579407723501479,4.579407983903844,0.0002551499927877156,4.581732241634558,0.007231973594895785,7.390713325995465,0.003570591730914494,7.394374707859444,0.0005102999855754312,7.39743499960478,0.014472732247838706,17.849665701133453,0.00835925657154035,17.855779176809754,0.0012757499639385775,17.862862683417358
52,1142.263806366712,0.01,0.5763248098053938,0.5703907642800388,0.00012093628335456039,0.0017982264316881314,0.0005063370066159003,3.637201601237111e-05,0.2597833728153415,0.37822111141607734,0.36199551576858596,2.1756584269937446e-17,1.4216435608928759e-15,0.00897387468890781,4.600897061383257,0.0025166899040926947,4.607354246168071,0.0001674614307014122,4.60970347464146,0.007186278533520172,7.215923881718113,0.003402266077704863,7.219707894173927,0.0003349228614028244,7.222775237390227,0.014122313889409195,17.33057033249181,0.0079231245762334,17.336769521804985,0.0008373071535070613,17.343855339227712
53,1537.44176308828,0.01,0.528608999675424,0.5170038484791498,8.28606251181534e-05,0.0017839942523258819,0.000491758729329895,2.232519733893821e-05,0.4509560203217428,0.38082383522796615,0.16822014445028347,1.0804576431845692e-23,8.588541660424113e-24,0.008869604953158182,4.638379286238754,0.00240846488640794,4.644840426305504,6.36397500583998e-05,4.647185251441852,0.006970543204096796,5.704988604294777,0.003185318019918991,5.7087738294789565,0.0001272795001167996,5.711831867998757,0.013580405616592149,12.986839379243394,0.0073805765666200155,12.99303920829337,0.00031819875029199905,13.000101586109695
54,2069.335613816298,0.01,0.517444439240425,0.5033759489605477,7.567445388473142e-05,0.001682158786502257,0.0004314342021885469,6.70308481706155e-07,0.5055216226207495,0.364806872414057,0.12967150496518487,3.366663468454472e-32,7.58026233503414e-35,0.008373917228477478,4.784290373316417,0.002153795014632945,4.7905104955302615,5.7370588990455814e-08,4.792664233174304,0.005979145952778646,5.455580188424524,0.002675970610278417,5.4588833637670255,1.1474117798091163e-07,5.4615592196361264,0.011101904701883644,12.170021700272803,0.006107205304629089,12.175016399670055,2.868529449522791e-07,12.181123318121735
55,2785.2436335584243,0.01,0.5027147175345091,0.4916835646595212,6.990814097536908e-05,0.0015659600247592029,0.000430283348742813,2.7547148307535035e-10,0.543739602688201,0.37121684497106394,0.08504355234072597,1.1447127402668937e-43,9.960010314271791e-50,0.007827151228490106,4.770351679600385,0.0021491151182423734,4.776029715710634,9.689317147126614e-15,4.778178830828866,0.004885613887581674,5.055464196238757,0.0026666107563813957,5.057683199369959,1.937863429425323e-14,5.060349810126321,0.008368074515597566,11.03678936096677,0.006083805648059436,11.039073629834302,4.844658573563307e-14,11.045157435482313
56,3748.827423875962,0.01,0.48780089310480534,0.47539814407773007,6.48585980758244e-05,0.0014862968631438793,0.00035149993433786165,5.769857758691509e-15,0.5679587669194074,0.41662739214670713,0.015413840933891212,4.313113742073299e-59,9.593163025860356e-70,0.007422814163016453,4.87789279474318,0.0017527969230963873,4.883562811983099,4.250792949862451e-24,4.885315608906196,0.0040769397565063575,5.077764029927845,0.0018739743659615118,5.079966995318391,8.501585899724902e-24,5.081840969684354,0.006346389187863555,11.023688089261892,0.004102214671964042,11.025932263777786,2.125396474931226e-23,11.03003447844975
57,5045.7729746426085,0.01,0.47268804632844347,0.46105303200532455,6.133923106051599e-05,0.0012926757175398128,0.00019621946540547054,2.8958468441304713e-21,0.61874895194255,0.3793019126251182,0.0019491354323300264,8.506794217745596e-80,1.2302132220045974e-96,0.006461223000294734,4.93228184387655,0.000978981538841853,4.937764085338002,1.0707078439526273e-36,4.938743066876845,0.0021537574179392033,4.76557458743363,0.0003263435974524078,4.767402001254119,2.1414156879052546e-36,4.767728344851572,0.0015384333367586308,10.092868932754488,0.00023313775069127007,10.09417422834055,5.353539219763138e-36,10.094407366091243
58,6791.410228564342,0.01,0.4467486764725083,0.43424850437143764,5.6934797826293055e-05,0.0013189469451928546,0.00019579433762854576,9.616532254111678e-30,0.7043131553482795,0.2946253985899336,0.001061446061788204,1.357611335355552e-107,9.142880926263282e-133,0.006552267937657103,4.897528758531037,0.000978971688138779,4.903102054780556,1.1807989772900584e-53,4.9040810264686945,0.0021840893125523665,4.016599702393226,0.0003263238960462597,4.018457467809729,2.361597954580117e-53,4.018783791705776,0.0015600637946802617,7.977764322171164,0.00023308849717589976,7.979091297468666,5.903994886450292e-53,7.9793243859658425
59,9140.968712710528,0.01,0.42151677206701066,0.4088287282658478,5.370193296915042e-05,0.0013314014268874371,0.00019579433763117584,3.723576640021723e-41,0.7776652170346532,0.22127749451825554,0.0010572884470891612,6.140985148986152e-145,2.523233225109022e-181,0.0066570067894970815,4.924986267066831,0.000978971688138779,4.930664302168188,1.7703554609959102e-76,4.931643273856328,0.002219002263165693,3.4374879982026707,0.0003263238960462597,3.439380676569792,3.5407109219918204e-76,3.4397070004658388,0.0015850016165469235,6.303546946958224,0.00023308849717589976,6.304898860077593,8.851777304979551e-76,6.305131948574768
60,12303.381211653892,0.01,0.38422164211494453,0.37065083137914867,5.0082035884479266e-05,0.0013314117109621678,0.0001958045527211878,1.6247380562946336e-56,0.8646328165361427,0.1343468366796012,0.001020346784258076,7.928049343934992e-194,1.2871400754692387e-246,0.006657007492667354,4.922256745396462,0.0009789717014624705,4.927934781187666,3.37059511469479e-107,4.928913752889129,0.0022190024975557838,2.7095735714044094,0.0003263239004874902,2.7114662500014775,6.74119022938958e-107,2.711792573901965,0.0015850017839684168,4.225741100158335,0.00023308850034820726,4.227093013441957,1.685297557347395e-106,4.227326101942305
61,16559.86296384469,0.01,0.33473571122552864,0.32571740590114434,4.686445215421154e-05,0.001370560074479321,0.00023495291623833756,3.4402865255803988e-77,0.9590480463508386,0.04044397504919553,0.000507978599978964,1.3288192310873809e-257,0.0,0.006852798927832417,4.937433745697808,0.001174763136627499,4.943111781489013,1.5112249314114282e-148,4.94428654462564,0.0022842663092774713,1.9406496494968801,0.00039158771220916625,1.9425423280939496,3.0224498628228565e-148,1.942933915806159,0.001631618792341051,2.0179748944930638,0.0002797055087208331,2.0193268077766846,7.556124657057141e-148,2.0196065132854057
62,22288.918522784857,0.01,0.3106661119509472,0.30529634057830296,4.5629984727949945e-05,0.0013705603633942906,0.00023495320515330698,5.128104164211049e-105,0.9984599412117449,0.0015312460261551325,8.81276210379824e-06,0.0,0.0,0.0068528018169714535,4.989589599008585,0.0011747660257665348,4.995267634799789,3.357790199351349e-204,4.996442400825556,0.0022842672723238167,1.6730656902594465,0.0003915886752555116,1.6749583688565157,6.715580398702698e-204,1.6753499575317714,0.0016316194802312978,1.2161951157361754,0.00027970619661107975,1.217547029019797,1.6788950996756744e-203,1.2178267352164083
63,30000.0,0.01,0.3097953217754722,0.30450914399849377,4.558643538005666e-05,0.0013705603633942906,0.00023495320515330698,1.8047058937755392e-142,0.9999999995696593,4.268445187688921e-10,3.497585500812095e-12,0.0,0.0,0.0068528018169714535,4.993147193879628,0.0011747660257665348,4.9988252296708335,4.158653670082516e-279,4.9999999956966,0.0022842672723238167,1.6643823979596994,0.0003915886752555116,1.666275076556765,8.317307340165032e-279,1.66666666523202,0.0016316194802312978,1.1888445699719883,0.00027970619661107975,1.1901964832556096,2.0793268350412584e-278,1.190476189452221
64,3.0,0.03,0.7776070897310295,0.7734973495367,0.0025732834757600763,0.8876870804220752,0.8640057720582012,0.7433756238600209,0.0023964879670353555,0.03148112764850074,0.06770625290752322,0.11637848334853275,0.782037648128395,3.673322885513399,0.255311594489042,3.5909232047962054,0.3377112752062264,3.096899117053836,0.8317353629486354,7.3466457110818135,0.5055447741097584,7.181846396258944,0.6703440889326083,6.193798234107672,1.6583922510839315,18.366614256295538,1.2620482156785633,17.954615985885383,1.6740464860887299,15.484495585268977,4.144166886705151
65,4.037880972466095,0.03,0.7771095566013364,0.7728955166401601,0.0025076357552711193,0.881253512838424,0.8563105877309576,0.7347391697258987,0.0025029228697366775,0.032799794131414164,0.07529815623166648,0.11543958612901593,0.7739595406381722,3.6418979402251117,0.26871686424180957,3.557116017625593,0.3534987868413242,3.062463724607159,0.8481510798597455,7.2837957477598705,0.5320975553161198,7.114232017872511,0.7016612852034697,6.124927449214318,1.6909658538616124,18.209489322010114,1.3283381121590745,17.78558003847456,1.7522473956946951,15.312318623035791,4.225508811133492
66,5.434827582601242,0.03,0.7763515113102278,0.7719939333715995,0.002411659663846802,0.8717498981038225,0.8448615385919945,0.7217939621506803,0.0026467853574170964,0.03469535090348307,0.08674347215974655,0.1128967118421639,0.7630176797371837,3.599339115936202,0.29079541873402404,3.5100921480756195,0.3800423865945871,3.0133493854505446,0.8767851492196971,7.1986778556696,0.5759076527024274,7.020184270489275,0.7544012378827111,6.026698770901089,1.7478867374709732,17.996694504815483,1.4377394229112068,17.550460667057976,1.8839732606687598,15.066746927252343,4.367687000474249
67,7.315062294806486,0.03,0.7751850693101714,0.7706374364506843,0.0022715799784368772,0.8576418611089182,0.8277372433109681,0.7022896752362133,0.0028409682747551415,0.03744906857577349,0.1040664705675124,0.1071307940016622,0.7485126985802962,3.544121447126009,0.3284427643803114,3.446096860264527,0.4264673512417912,2.943775418823617,0.9287887926827221,7.088241673696065,0.6507590956832039,6.892193673262086,0.8468070961171756,5.887550837647234,1.851449931732076,17.720603748327537,1.6247097273946323,17.23048416627436,2.114829309447783,14.718877094117957,4.626436381603861
68,9.84578361753442,0.03,0.7734193767696959,0.7686314369385506,0.0020738849835108962,0.8370768567093888,0.8026440187167149,0.6736283563576168,0.003101954683542227,0.04142312766543835,0.129568088803833,0.09563293563192037,0.730273893215273,3.480518386124912,0.3935868924043698,3.3652194201997605,0.5088858583294993,2.8500507052201227,1.0240545733091402,6.961033441777804,0.7804808356806657,6.7304387147499565,1.0110755627084804,5.700101410440245,2.0414128670181837,17.40258241499029,1.9488117502273448,16.826096742000168,2.5252974232174075,14.250253526100497,5.1011406391170695
69,13.252034109420212,0.03,0.7709336561610698,0.7658971265584946,0.0018212007556388582,0.8091094968878318,0.7685832806757988,0.6350169131331356,0.0034470500558799397,0.046858419137159206,0.16383775738055553,0.07621023226858992,0.7096465411578197,3.4233750890293138,0.5012566488786073,3.2774684441197826,0.6471632937881205,2.7390178122144717,1.1856139256934837,6.846744104739345,0.99509181745289,6.554936384959351,1.2868995372328504,5.478035624428943,2.363800297763341,17.116858092805774,2.4850790149520847,16.387340782655585,3.214596325102345,13.695089061072368,5.906848046685527
70,17.836712125633174,0.03,0.7680678138229786,0.7627684484760893,0.0015561228804871112,0.7765130450363824,0.7294686893171748,0.5916977390758769,0.003886716491592881,0.05356843447960745,0.20178765739019353,0.05086057491780786,0.6898966167208085,3.3893648171888717,0.6515537034254394,3.2019172102781517,0.8390013103361748,2.6347920646710916,1.4061264559432294,6.778720374920223,1.2947530522633979,6.403832286337994,1.6696411408456502,5.269584129342183,2.8038892978414323,16.946797630351526,3.233898932591489,16.00957995362419,4.17111660931883,13.173960323355528,7.006736239587597
71,24.007506834483152,0.03,0.7654392904071283,0.7598766194255551,0.0013539671569326838,0.7467012681868221,0.6948578669836671,0.5552022100366947,0.004352914141538637,0.06097356375969677,0.23256647978454675,0.0283329407916964,0.6737741015225207,3.366630924406588,0.8021470611696825,3.142733383076764,1.0260446024995336,2.5582512557058985,1.6105267298703874,6.733248273576468,1.5948246107566932,6.285461615235161,2.0426112690980367,5.116502511411797,3.2115703729213108,16.833115835642374,3.983679558469225,15.71365219847411,5.103143195637487,12.791256278529296,8.025539115582337
72,32.313151681103065,0.03,0.763337273366453,0.7573514100816374,0.001247729868095831,0.7237109827203391,0.6697984113609378,0.5313249225321153,0.0047453052613055085,0.06936106341632395,0.2504757141312896,0.01634196922038637,0.6590759479706995,3.3070173479410174,0.8979580889023848,3.06582056863239,1.139154868211015,2.4862237473786495,1.7187516894647434,6.614017661994604,1.7853520943709085,6.131634095495953,2.2677356608695525,4.972447494757299,3.426922261608189,16.53503807145515,4.459607348986551,15.329082723822305,5.665562696619325,12.431118736893247,8.563526683548554
73,43.49222011117894,0.03,0.7608867924577333,0.7541361350449589,0.0011877907988284918,0.6999876034988388,0.6457596082465428,0.5110209324442876,0.00512333669216713,0.08180096454035257,0.26198211214345246,0.012760455165243415,0.6383331314587908,3.1705305106830823,0.9545330051135127,2.927068823075745,1.1979946927208565,2.3716971548518524,1.7533663609447716,6.34104069187025,1.897414818991946,5.854129465995134,2.384326044867082,4.743394309703705,3.495061201158477,15.8525944691415,4.739375907752994,14.635320743503408,5.956649633391042,11.858485774259256,8.733484602635253
74,58.53880267907889,0.03,0.7567223700127753,0.7487526214158071,0.0011183645450904226,0.6643165575125988,0.610419391537486,0.4818871792168247,0.005608788832392611,0.1032116174813962,0.27529698231608296,0.0120815454147861,0.603801065955342,2.950545852522117,1.0335217730682662,2.7107902828536488,1.2732773427367516,2.195993661856762,1.7880739637337277,5.901066765919728,2.054095404771005,5.421571008099128,2.5335911625916117,4.391987323713524,3.563174846977381,14.752658007969439,5.130614175725699,13.553924106816607,6.329348076878609,10.97996830928387,8.903303874411295
75,78.79090582959996,0.03,0.7503289543498173,0.741271332186766,0.001037442682422209,0.6142700824321459,0.5611541408954839,0.442326984196922,0.00632982793665817,0.13188368163827405,0.29491815528535475,0.011699417094671209,0.5551689180450442,2.6639137947264495,1.1613317766589795,2.430733586639529,1.3945119847458773,1.9762019939431212,1.849043577442295,5.327795404571897,2.3078857202382452,4.861455524426287,2.7742256003837835,3.9524039878862425,3.683277136923873,13.319477016829358,5.764436503067051,12.153634650761221,6.930278869135217,9.881009969715498,9.202903550180881
76,106.04943315090321,0.03,0.7364044750321738,0.7269484354249256,0.000912390868171444,0.5311271817226918,0.47953262260375,0.3756984617744852,0.007480734512883632,0.16456380519654334,0.3423766039094842,0.010828398436803941,0.4747504579442853,2.1336330594107817,1.352095918858077,1.9115852511605675,1.5741437271082899,1.5404673682432868,1.9452616100255602,4.267221990293837,2.686466716843092,3.8231554636436056,3.1305332434933013,3.0809347364865736,3.8727539706503253,10.668039215546107,6.709836391795882,9.55788328815266,7.819992319189274,7.7023368412162805,9.675538766125644
77,142.73832942028233,0.03,0.6984593238156898,0.690486490998326,0.0006284423958890588,0.36358825994636257,0.3145681783156394,0.2320149885049793,0.009354117237392085,0.20635996673966228,0.4632178040110644,0.008557705998828144,0.3125104060130513,1.2420308548488876,1.9593606413486613,1.0372262459643486,2.164165250233219,0.7628933290801961,2.4384981671173707,2.4839972413844005,3.8960260728733824,2.0744316778660847,4.305591636391696,1.5257866581603923,4.854236656097449,6.2099700790633925,9.731959750103524,5.186071761071432,10.755858068095474,3.8144666454010023,12.127463183766036
78,192.12012813591835,0.03,0.657388719930482,0.6516967082645753,0.0003625962893461087,0.19540264918199293,0.15053541785833952,0.09177310890861107,0.012570789080320586,0.2554703528324487,0.5738962795764164,0.005024795142375687,0.15303778336844026,0.6666996518564174,2.836095390484218,0.4880088697056996,3.0147861726349454,0.2959334141527049,3.2068616281879567,1.3332991087340267,5.6416990866028085,0.9759865844200465,5.999011610916729,0.5918668283054098,6.383131367031406,3.333211987914032,14.093357825662215,2.439955334267463,14.986614479308807,1.4796670707635207,15.94690274281274
79,258.58606994259105,0.03,0.6410080388462989,0.636115065963807,0.0002816343140425396,0.12310978764409126,0.0846382777510768,0.04553804259114315,0.019438276216756194,0.3054592703156115,0.5802786767120092,0.0020824171480832137,0.09274135960753369,0.43355658272775743,3.1382753326547843,0.2940978580023871,3.2777340573801492,0.17012609018792035,3.401705825194617,0.8669458489356467,6.229566745860391,0.5881450659902012,6.508367528805822,0.3402521803758407,6.75626041442018,2.167304866439161,15.557136893418964,1.4703445756845792,16.254097184173563,0.8506304509396072,16.873811308918427
80,348.04659052199156,0.03,0.6210713815787428,0.616618261414016,0.00021734862470614182,0.06134765378565416,0.03307221690048698,0.011152249354873528,0.03381514209653941,0.3659975239907356,0.5534999537808297,0.0007118275087081681,0.045975552623184195,0.1517829660413638,3.31293981625582,0.0695948897116048,3.3951278925855584,0.018266227036886584,3.4464565552602915,0.3032388265382199,6.547168674910079,0.13909880527148072,6.711308696176856,0.03653245407377317,6.813875047374584,0.7579802429367989,16.339810630989202,0.34771452241022693,16.750076351515744,0.0913311351844329,17.006459738741484
81,468.4569018001491,0.03,0.605689473985992,0.6007665052119939,0.00017627680751413868,0.0217407557380407,0.008709914745493298,0.0008925647326075558,0.06689615205168525,0.4124657012935323,0.5035637452470134,0.0003278359043928748,0.01674656550338899,0.028543827057894978,3.4434963374359255,0.009634793875151754,3.46240537061869,0.0009006945504762011,3.471139469943364,0.056194138786055094,6.710153489874149,0.019074385809796684,6.7472732428504605,0.0018013891009524023,6.764546239559323,0.1401662343473736,16.71222687290079,0.04761624954573925,16.80477685770243,0.004503472752380989,16.847889634495857
82,630.5244033997463,0.03,0.5931306325821671,0.5876166928941835,0.0001499225123206783,0.004869614030201233,0.0019100150690943764,0.00017965602903424836,0.12486317058430398,0.4181128913764361,0.4550696852283614,6.806963138617364e-05,0.0018861831795053555,0.005680766325287152,3.51478558882848,0.002365641482418619,3.5181007136713536,0.0002942713591478522,3.52017208379462,0.008537245364917805,6.529323025526942,0.004244149842111782,6.5336161210497306,0.0005885427182957044,6.537271728173542,0.020334439381702978,16.14464750948569,0.010436398490020381,16.154545550377417,0.0014713567957392647,16.163510592071685
83,848.6608303877912,0.03,0.5817470540155045,0.5762093236855124,0.00013282226289863184,0.001893707172223097,0.0006220971860892197,6.305947466862997e-05,0.1971318170003113,0.39180029058464844,0.41100937556386513,4.5718299670988275e-06,5.3945021212174384e-05,0.006579275459876156,3.6476757041625385,0.0021884478103653825,3.6520665318120504,0.00015991593998396073,3.654095063682433,0.006561106072033146,6.148285860159147,0.003348710392763492,6.151498255838405,0.00031983187996792147,6.154527134351193,0.014046534877325958,14.961048383196006,0.008004566971920401,14.96709035110141,0.0007995796999198037,14.974295338373391
84,1142.263806366712,0.03,0.5637705027865175,0.5574309782541327,0.00011507834127160364,0.0017616524365370587,0.0005056881892724675,3.225381685034276e-05,0.28024790425787394,0.3838982775230558,0.33585327855888164,1.1346412831298892e-07,4.2619605312520875e-07,0.008226613943120263,3.663965261069757,0.0023270365513066204,3.669864838461569,8.503512071983562e-05,3.6721068398921504,0.006787326078532512,5.509384284062165,0.0031985743469816544,5.512973035793721,0.00017007024143967124,5.516001539899266,0.013516207407864224,13.12397991084217,0.007476614883299994,13.130019503366753,0.0004251756035991781,13.137070942646455
85,1537.44176308828,0.03,0.5331567946877227,0.5234992037834844,8.993463184283044e-05,0.0017638931970936382,0.0004798508110138223,1.7309089582981044e-05,0.40603920341419864,0.3845872451819863,0.2093735499760874,7.855167224926394e-10,6.422154064927788e-10,0.008655640785265057,3.863824660570807,0.0022970528377882072,3.8701832485182805,3.5318775759439254e-05,3.872444982580304,0.006688715044300369,4.846478898096455,0.00299711377375802,4.850170499366997,7.063755151887851e-05,4.853096975589234,0.012928013851383164,11.087207808439462,0.006922430183745623,11.093213392107108,0.00017659387879719634,11.099959228412052
86,2069.335613816298,0.03,0.5160080974435963,0.5034747701834507,7.705498049246215e-05,0.0016799868794446452,0.0004388014033023341,5.815452809102726e-06,0.4867210449960949,0.37330391316907474,0.13997504183374093,9.739088556236354e-13,1.0501532024916624e-13,0.008229546890952965,4.231323408518608,0.0021523099551978802,4.237400645454363,4.255861479827216e-06,4.239548699548082,0.005701713668835274,4.68781961230151,0.002678253202062425,4.690843072768283,8.511722959654431e-06,4.693512814247385,0.010412362703134384,10.371396457634084,0.0061147877521798705,10.375694032585043,2.1279307399136078e-05,10.381787541029825
87,2785.2436335584243,0.03,0.50242813966068,0.49041899151706286,7.051913372140142e-05,0.0015635472119026707,0.0004201323884425271,6.48427000266889e-07,0.5321065592431209,0.37786026567581327,0.09003317508106239,1.1958311524643637e-16,8.75587038698246e-19,0.007728578303916603,4.400783806932689,0.002049269364746956,4.406463115871862,5.3154795984978714e-08,4.4085123320818145,0.004689126403573127,4.547084576595943,0.0024674516327095252,4.549306251366809,1.0630959196995743e-07,4.551773596689927,0.007877090935982786,9.84825321389377,0.00558609797577939,9.850544206853973,2.6577397992489355e-07,9.856130039055772
88,3748.827423875962,0.03,0.48862331372629714,0.47605200100829104,6.565214558466337e-05,0.0014695716655664752,0.0003421674080415692,2.0438420121936364e-08,0.5686050821688989,0.39263675376709634,0.038758164063989214,6.644854363196828e-22,1.3630932148305827e-25,0.007235901850762389,4.55870970439332,0.0016334854676728844,4.56431212077641,5.230229756547863e-11,4.5659456061917805,0.0037031338871595476,4.55968724515713,0.0016353805826400713,4.561754998461648,1.0460459513095726e-10,4.563390378939683,0.0054118812127684265,9.771456625882344,0.003505740616348143,9.773362766478764,2.6151148782739314e-10,9.7768685068336
89,5045.7729746426085,0.03,0.4713624932203883,0.4592730247136313,6.143309702532155e-05,0.0013104809596996487,0.00021132922890820498,1.687324603371299e-10,0.6213761816374476,0.36945491568376837,0.009168902678777988,5.960742787605317e-29,1.0420872253747316e-34,0.0064718279013099645,4.676768746967513,0.0009889526096811697,4.682251622259143,3.440519170134606e-15,4.6832405748688215,0.002173974097729383,4.400115374533848,0.00034628641460134713,4.401943062216977,6.881038340269212e-15,4.402289348631571,0.0015886203497196894,9.231209107977138,0.0002829950348030136,9.232514733292055,1.720259585067303e-14,9.23279772832684
90,6791.410228564342,0.03,0.44757974342263346,0.4350986608205674,5.722328416534703e-05,0.0013142742436386095,0.00019581582798738577,2.476051045774383e-13,0.6997121341171839,0.2983646035224541,0.0019232623603543178,2.2033407581972997e-38,6.539676257841736e-47,0.006523067836482208,4.7207832074468055,0.0009789717050773558,4.726327303578212,7.678130921722822e-21,4.72730627528329,0.0021743559784186315,3.8429927723025914,0.00032632393459619064,3.8448408043464153,1.5356261843445645e-20,3.84516712828101,0.001553111483708805,7.6079913441158284,0.00023308859521957583,7.609311367004316,3.839065460861411e-20,7.609544455599537
91,9140.968712710528,0.03,0.42132054308230577,0.40818331388494267,5.3746321723918214e-05,0.0013309454593477728,0.00019581170625855853,3.8512020988875345e-17,0.7769834903263572,0.2219200429423367,0.0010964667313108172,5.433795455767134e-51,2.993543929472236e-63,0.006652302081994088,4.782046581916373,0.000978971726642822,4.787719912271724,1.8933017278540207e-28,4.788698883998367,0.0022174340273313628,3.276060400663247,0.00032632390888094127,3.277951510781698,3.7866034557080414e-28,3.2782778346905794,0.0015838814480938314,5.944425014811448,0.00023308850634353045,5.945775807753196,9.466508639270102e-28,5.9460088962595385
92,12303.381211653892,0.03,0.38340059729201975,0.3701080442928153,5.011389525495166e-05,0.0013337516582824559,0.00019814633787860664,2.9206624001926623e-22,0.8649514318350229,0.1341391534638175,0.0009094147011551296,1.579136430513811e-67,3.726714501517358e-85,0.006657695442716526,4.787826091221253,0.0009796780294516795,4.793504108634518,1.0891865759907336e-38,4.794483786663969,0.0022192318142388407,2.550071275734881,0.00032655934315055986,2.551963948205969,2.1783731519814671e-38,2.55229050754912,0.0015851655815991722,3.866042151227475,0.00023325667367897132,3.8673940601353967,5.445932879953668e-38,3.867627316809076
93,16559.86296384469,0.03,0.3363024095214946,0.32736418875277945,4.700031280775611e-05,0.00136981258698913,0.00023420542999542587,3.75046359224738e-29,0.9549904510980195,0.04452947336122646,0.0004800755407522633,5.54906643272298e-89,1.4710370052527259e-114,0.006845395450245929,4.844684432565868,0.0011673596715138055,4.8503624683446,1.796014292767691e-52,4.851529828016114,0.002281798483415309,1.8662491244324508,0.00038911989050460186,1.8681418030253625,3.592028585535382e-52,1.8685309229158675,0.0016298560595823636,1.871651475117198,0.0002779427789318585,1.8730033883978499,8.980071463838453e-52,1.873281331176782
94,22288.918522784857,0.03,0.3114137453493623,0.3059806801910766,4.567585398690053e-05,0.001370560269661572,0.00023495311142077995,1.9885615068653997e-38,0.9970319699697285,0.0028709967843343516,9.703324594377055e-05,1.8636001489913424e-118,4.602787582574334e-154,0.006852800879645388,4.974850002721637,0.0011747650884423864,4.98052803851284,5.0491461021013065e-71,4.981702803601282,0.0022842669598817948,1.6677692541246802,0.00039158836281412884,1.669661932721749,1.0098292204202613e-70,1.6700535210845635,0.001631619257058425,1.2115907241267831,0.0002797059734386635,1.2129426374104038,2.5245730510506534e-70,1.2132223433838427
95,30000.0,0.03,0.3097986098303876,0.30451297944444466,4.558665346569585e-05,0.0013705603633937793,0.00023495320515279545,6.516617463085024e-51,0.9999931939567401,5.948364292975187e-06,8.576789667349199e-07,3.786202958578946e-158,3.628710907976465e-207,0.006852801816966338,4.993079507966286,0.0011747660257614197,4.99875754375749,5.422309919008182e-96,4.999932309783251,0.0022842672723221115,1.6643601445018412,0.0003915886752538066,1.666252823098911,1.0844619838016364e-95,1.6666444117741654,0.0016316194802300798,1.1888293357441897,0.00027970619660986186,1.190181249027811,2.7111549595040916e-95,1.1904609552244212
96,3.0,0.1,0.7395180068039435,0.735502437275239,0.002110237392579491,0.736617624610998,0.7082097647261281,0.6034614506406483,0.0157044054647829,0.09748815601470283,0.1459673369056187,0.1580693835028232,0.5827707181120644,2.106105993882992,0.278340060033069,2.0511172636912214,0.33332879022485007,1.8339782460408287,0.5504678078752482,4.212190697835131,0.5479431938132066,4.102227690421642,0.6579062012267212,3.6679564920816574,1.092177399566726,10.530469141041085,1.3667376537284,10.25556678428223,1.6416400104871527,9.169891230204032,2.727315564565423
97,4.037880972466095,0.1,0.7389165940605666,0.7348715503047167,0.002078384695903396,0.7322569265136889,0.7034495941982727,0.5985289871442949,0.016152439081259126,0.09921121571250814,0.14902597183042826,0.15695521535762988,0.578655158018173,2.0875910488951273,0.28529895130075356,2.0316821981702193,0.3412078020256752,1.8145281484302862,0.5583618517656183,4.175158628574045,0.5614896662369043,4.063357008682607,0.6732912861283661,3.6290562968605724,1.1075919979504103,10.437888189571979,1.4004712240334762,10.15838988325709,1.6799695303484157,9.072640742151313,2.765718671454264
98,5.434827582601242,0.1,0.7380943871485485,0.7340108017684822,0.0020351875319026187,0.7263150915276183,0.6969625225567267,0.5918032267745917,0.0167661920816974,0.10156102558451367,0.15319015423095833,0.15534343673575385,0.5731391913670719,2.06316088127336,0.29511089139197955,2.005924932264961,0.3523468404003799,1.7886608294960058,0.569610943169313,4.126295147733217,0.5805887766848604,4.011841685886392,0.6950422385316938,3.5773216589920116,1.1295622654260662,10.315728364042496,1.4480315823910384,10.029601293771819,1.7341586526616881,8.943304147480031,2.8204557989535064
99,7.315062294806486,0.1,0.7369677068606414,0.7328343405904593,0.0019767307698820816,0.7182119698316114,0.6881159288912068,0.582627600578514,0.017608794670429976,0.10476932549690327,0.15885877054295278,0.15298405948571012,0.5657790498040052,2.0312719558952885,0.3091001216371488,1.972094854674304,0.3682772228581427,1.7545235504936632,0.5858485270387721,4.062512709695163,0.6078166490857331,3.9441803771125152,0.7261489816684027,3.5090471009873263,1.1612822577936033,10.156270630632452,1.515833196218447,9.860447609839794,1.8116562170110708,8.77261775246833,2.899486074382525
100,9.84578361753442,0.1,0.7354240790447724,0.7312255546001244,0.0018981714061950606,0.7071806206212479,0.6760769145127545,0.5701444801999601,0.01876526404294117,0.10914374696347984,0.1665467754527407,0.1495028706766351,0.5560413428642006,1.9903411120855534,0.3292517491763573,1.9282928591944313,0.3913000020674853,1.7100496879557263,0.6095431733062034,3.9806443004521586,0.647033384931664,3.8565746798046594,0.7711030055791769,3.4200993759114526,1.2075783094724053,9.951597206945022,1.6134869932502,9.641432757160088,1.9236514430351452,8.550248439778573,3.0148357604166875
101,13.252034109420212,0.1,0.7333234222495427,0.7290334536415466,0.0017942728518674995,0.6922717015673309,0.6598247849640272,0.5533204675016561,0.020343364114409946,0.11506777047719638,0.17686241546681525,0.1443748202318254,0.5433516297097513,1.9390717760157428,0.3584269172705478,1.8727705659214844,0.4247281273648167,1.653265749679763,0.6442329436065336,3.8780958316242797,0.7037962231677236,3.7455275510778194,0.8363645037141948,3.306531499359526,1.2753605554324636,9.695222536057948,1.7548271252859708,9.363814027421077,2.086235633922847,8.266328748398621,3.1837209129452946
102,17.836712125633174,0.1,0.7305086908140628,0.7260834036823376,0.001661146370882072,0.6724690494554729,0.6382968656932444,0.5311225241631584,0.022461743950401066,0.1229586845235516,0.19038826455023333,0.13696976611428555,0.5272215408615275,1.8769515125436378,0.40030540796428604,1.8044806378955316,0.4727762826123952,1.5828937226758646,0.6943631978320554,3.753841296797716,0.7852310187704923,3.608943947889008,0.9301283676791913,3.165787445351729,1.3732848702164522,9.38458119617659,1.9575847622269282,9.022353681186042,2.319812277217429,7.914468613379409,3.427697345024084
103,24.007506834483152,0.1,0.7268206429614482,0.7222092622476639,0.0015000200027156468,0.6470168486420834,0.6107871619281519,0.5029915588150378,0.025209041523244213,0.13314181748532383,0.20737818877880917,0.1268059948974655,0.507464957315154,1.8042286085996841,0.45843485214824725,1.7233660162631244,0.5392974444848152,1.4989623736534732,0.763701087094452,3.608376185834038,0.8981539580736356,3.446709424745504,1.0598207191621822,2.9979247473069464,1.5086053966007333,9.020911524811698,2.2387007001045136,8.616765487656304,2.64284673725996,7.494811868267355,3.764800356648958
104,32.313151681103065,0.1,0.7221367249432384,0.7172990995937288,0.001322296928179652,0.6159403328203475,0.5775720679850165,0.46957315267107547,0.028568670492875488,0.14564148110615377,0.22731912686695882,0.11414044061837599,0.4843302809156293,1.7197668563130615,0.5336549059893848,1.628974263072587,0.6244474992298561,1.4021889979179505,0.8512327643845083,3.4394277562696436,1.0440487554246722,3.257919150715278,1.2255573609790325,2.804377995835901,1.6790985158584313,8.598531549118242,2.6018143683637707,8.144787385563259,3.0555585319187637,7.010944989589731,4.189400927892262
105,43.49222011117894,0.1,0.7163502263226771,0.7112664843800864,0.0011500836279774082,0.5801788892451969,0.5400730297915382,0.4329005861909787,0.03237669680080626,0.16009168820323386,0.24890239612695728,0.1005805836195783,0.45804863524942074,1.6159125475790095,0.6211436659865606,1.5160537324692565,0.7210024810963079,1.2901665538088374,0.9468896597567305,3.2316900767484738,1.213383523841509,3.0320705403122403,1.4130030602777426,2.5803331076176748,1.864740492972352,8.079176971010646,3.023136020985395,7.5801631634140945,3.522149828581952,6.450832769044269,4.651480222951861
106,58.53880267907889,0.1,0.7091018513543373,0.7037819642316924,0.001003232220488048,0.5401261069584025,0.4991850767839041,0.3945258637259461,0.036473328188402925,0.17619476206249174,0.2713296583630358,0.0885678418402568,0.4274344095458164,1.4753182674941852,0.7138411258715702,1.3704917665946752,0.8186676267710755,1.1522505300112236,1.0369088633545196,2.9504711484444357,1.3924456555583753,2.7409392553575374,1.6019775486452759,2.304501060022447,2.038415743980338,7.3761188044881845,3.4685296402585695,6.852332324882482,3.9923161198643644,5.7612526500561145,5.0833957946906905
107,78.79090582959996,0.1,0.6992987624419484,0.6938093881164485,0.0008801283732779591,0.49289618386911127,0.4522244500744642,0.3522117481828812,0.041048757939723624,0.19458503263376153,0.2964610234457287,0.07928186394096713,0.38862332203983013,1.2767492280837356,0.8159207607431145,1.172656386927368,0.9200136018994937,0.9705789743675969,1.122091014459263,2.553302258526088,1.589698419234442,2.3452616951562204,1.797738982604299,1.9411579487351938,2.2018427290253264,6.383185575728869,3.9591949401389077,5.863135995498128,4.479244520369695,4.8528948718379565,5.489485644030006
108,106.04943315090321,0.1,0.684901845433235,0.6794187511667195,0.0007567505122812766,0.4314962531567079,0.3920990570645564,0.2991466715433633,0.046847497867102114,0.21704839404992568,0.32919181640118317,0.07117523251231353,0.33573705916946756,1.0082982750912735,0.9550660143856349,0.909979166346145,1.0533851231307594,0.7321496546078052,1.2312146348691018,2.0163652066941418,1.8596398871548232,1.8199004168859632,2.0561046769630154,1.4642993092156105,2.411705784633356,5.0408303940609365,4.631066810166895,4.5497303579984,5.122166846229445,3.660748273039056,6.011148931188716
109,142.73832942028233,0.1,0.6641051934893938,0.6589180724863412,0.0006096755032066642,0.3495184617766537,0.3122865258554957,0.22914793587119264,0.05496333732858643,0.24557095323164865,0.3733617113924801,0.06109995736078685,0.2650040406864994,0.6957868657841301,1.1796759472165455,0.6071199530985355,1.2683428599021507,0.46029279058855616,1.4151700224121313,1.3912942989515438,2.296860451551892,1.2141737900412177,2.473980960462235,0.9205855811771123,2.7675691693263436,3.478135950015795,5.719832756422151,3.035410862190237,6.162557844247744,2.3014639529427816,6.896504753495162
110,192.12012813591835,0.1,0.6391475759200462,0.6344899279927902,0.0004499628972129778,0.2534906821062799,0.2193733135282049,0.14913784637408695,0.0660795313689998,0.2801300604197999,0.4220356843262367,0.04754768829391054,0.18420703559105295,0.4203494411193635,1.5011589822783928,0.34470560490869995,1.5768028184890603,0.23362281585764283,1.687885607540124,0.8403444623785017,2.920529863840018,0.689333468977592,3.071540857240931,0.46724563171528566,3.2936286945032474,2.1007345774247788,7.272114623629667,1.723305907858336,7.649543293196081,1.168114079288214,8.204735121766243
111,258.58606994259105,0.1,0.6166552629753848,0.6124850837484633,0.00032108892011538224,0.16503823451739696,0.13517391441366156,0.08071181557196491,0.08006199377059396,0.31729646913781273,0.457192613712455,0.03296081442104313,0.11248810895809379,0.23097847180180858,1.8214694749457727,0.171509409824334,1.8809385369232419,0.09711828709783416,1.9553296596497383,0.4614762383597575,3.52997935753999,0.34292274020807145,3.6485328556916725,0.1942365741956683,3.79721902170411,1.153518915455145,8.784605682296032,0.8572725364342435,9.08085206131701,0.4855914354891686,9.45253316226211
112,348.04659052199156,0.1,0.5992619732377453,0.5953644669008065,0.0002387497816518154,0.0972228895548567,0.07286897312651512,0.035489614879396544,0.09769830422463423,0.35290623063497106,0.46913013809923154,0.02040899594265174,0.05985633109851466,0.11050908211417947,2.056585696396785,0.06933056068925814,2.0977642178217035,0.026907959911898052,2.140186818599075,0.2203128845388247,3.9497571641354416,0.1385341511855134,4.0315358974887605,0.053815919823796105,4.1162541288504775,0.5505303257436538,9.8160306858179,0.34629003146628057,10.020270980095209,0.1345397995594925,10.232021212002069
113,468.4569018001491,0.1,0.5857007149135339,0.5818112152057858,0.00018921235718115498,0.05140916036920627,0.03357014987766477,0.01161145845775882,0.12164470899011345,0.3826196730492299,0.4581617530086569,0.010984375887089635,0.02658948906490962,0.04810639968031468,2.2052260189041712,0.0245009509153805,2.228831467669115,0.004405861050344719,2.248926557534151,0.09509369020001486,4.159849788441287,0.0488206033471842,4.206122875294106,0.008811722100689439,4.246131756540639,0.23733454365696166,10.310123667757956,0.12198675890954251,10.425471452505425,0.02202930525172348,10.525428906163231
114,630.5244033997463,0.1,0.5743902473291251,0.5701898147854056,0.0001594979610573231,0.02499169064888955,0.013764276631401154,0.00285891234935061,0.15513711515415007,0.40305964927261745,0.4270646674630668,0.004946740653913533,0.009791827456254064,0.019719103230359965,2.283606930031576,0.008895323948823931,2.2944307093131178,0.0008750240595880655,2.302451009202336,0.037560381078473495,4.160162628327244,0.017513047066733595,4.1802099623389815,0.001750048119176131,4.195972961286547,0.09323030077395324,10.255031130912398,0.04368347451293582,10.304577957173464,0.004375120297940288,10.343886311388491
115,848.6608303877912,0.1,0.5629537395888375,0.5581970349046198,0.00013891285078163727,0.011191726939782149,0.005295907210272885,0.000673649565985377,0.200995328233884,0.4127516540864363,0.3815928046479625,0.0017888560808050759,0.0028713569509135023,0.008198009599383826,2.336011586417439,0.00332732398535643,2.340882272031449,0.00028863312643866314,2.3439209628903668,0.013228812225610658,3.993514403238767,0.0062154720420067346,4.000527743422355,0.0005772662528773263,4.0061659492114945,0.03194088521647053,9.74146144752716,0.015381831559050294,9.758020501184603,0.0014431656321933061,9.77195916711142
116,1142.263806366712,0.1,0.5497454794858238,0.5442209045286804,0.00012163420385788437,0.004686615936928735,0.001936420989815391,0.0002131725756118937,0.26088007764299403,0.41065373043528036,0.3273753053718769,0.0004903547822059705,0.0006005317676408934,0.005618418643800057,2.4193741492666616,0.001852191607105525,2.42314037630335,0.00011653471593054017,2.4248760331945554,0.006200569081439341,3.7275394815665823,0.0030262468051982304,3.730713803842827,0.00023306943186108034,3.733506981216177,0.0137027554871123,8.92198841214265,0.007323425438348136,8.928367742191421,0.0005826735796527014,8.93510849405005
117,1537.44176308828,0.1,0.5341345020736203,0.5274725341068043,0.00010550896946464697,0.002298029159809043,0.0007871524023698084,8.977237601586293e-05,0.3343742708617167,0.3977242297543615,0.26772934922049235,9.426706208757245e-05,7.788310134447428e-05,0.006086517655746302,2.6000803986899332,0.001685121725205686,2.604481794620474,5.151407570615113e-05,2.606115402269972,0.004981392693373735,3.4662537543878558,0.0023982286249103492,3.4688369184563475,0.00010302815141230226,3.4711321189298205,0.00988503794124897,8.04638187061535,0.005648423410311221,8.0506184851463,0.0002575703785307557,8.056009338178113
118,2069.335613816298,0.1,0.517005818121292,0.5087404754895453,9.058747831515946e-05,0.0016999989944436944,0.00048581935235752236,4.214683153769789e-05,0.41578557559928303,0.37692042389664887,0.20727747211262754,1.127938508921319e-05,5.249006343936246e-06,0.006788482949222645,2.9134845482031415,0.0016972500387957307,2.9185757811135726,2.084697521525835e-05,2.9202521841771394,0.004526927549507108,3.3029596610290906,0.0021390337211516907,3.305347554857447,4.16939504305167e-05,3.307444894628174,0.00808516232057544,7.3559672113666466,0.0048992034612935905,7.3591531702259285,0.00010423487607629178,7.363948138811182
119,2785.2436335584243,0.1,0.5002499323117426,0.49025370664103013,7.850687692203584e-05,0.0015562448318314104,0.0003994853445419443,1.8484670614303327e-05,0.49320910419779934,0.35372632623279077,0.15306372786382,6.972815038565612e-07,1.4442408685273866e-07,0.00702774381877021,3.2922818710743798,0.0016096962222854983,3.297699918670875,6.5444224774631945e-06,3.299303070470682,0.0038835294111822104,3.242632420967332,0.0017599010858014264,3.244756049292706,1.3088844954926389e-05,3.2465028615335525,0.006075981304256102,6.913034151996463,0.0038785058006572865,6.9152316275000665,3.272211238731598e-05,6.919077411188331
120,3748.827423875962,0.1,0.4839569899987594,0.4725937804213905,6.996526377982402e-05,0.001460516039098304,0.0003293842219097513,6.28909644277314e-06,0.5596929473571214,0.3341204941819298,0.10618654010221347,1.7182287986585566e-08,1.1764527258707536e-09,0.00684638242505357,3.6235023359031557,0.0013384012508758838,3.629010317077336,1.2070506397905952e-06,3.6303475112775736,0.003064656670464789,3.2298953010454827,0.001107623560501673,3.2318523341554433,2.4141012795811904e-06,3.232957543614664,0.0038658887548611415,6.6400563344847745,0.002208637850807721,6.641713585388829,6.0352531989529785e-06,6.643916187986443
121,5045.7729746426085,0.1,0.46596093727972765,0.45384929243756034,6.384853064039683e-05,0.001367626798580745,0.00025143332232210544,1.3735682989417364e-06,0.6215406770787228,0.31385022659028006,0.06460909620887192,1.2026647398665459e-10,1.8599328202626685e-12,0.006554203192261365,3.86136560038269,0.0010543728530549882,3.866865430721897,9.305760402365954e-08,3.8679197105173504,0.002343180477046169,3.1711708981828814,0.0004942995480356218,3.1730197791118915,1.8611520804731908e-07,3.1735138925447184,0.0020132276542309483,6.302369994534661,0.0006591609564910692,6.303724061232402,4.652880201182976e-07,6.304382756900874
122,6791.410228564342,0.1,0.4440045966593322,0.4315752406145778,5.8912645267308316e-05,0.0013226789903252288,0.00020650623458180018,1.665203072455578e-07,0.6898142484947479,0.27830481402599255,0.031880937479098405,1.5410644211123962e-13,3.266416428761097e-16,0.006506115025982658,4.039275985790415,0.0009801611535512464,4.044801939662848,2.188709440730294e-09,4.04578209862769,0.0021739439728667804,2.972971760246103,0.000331688868768095,2.974814015350204,4.377418881460588e-09,2.975145699841553,0.0015640434753460366,5.609007896567228,0.00024756737251509567,5.610324372670059,1.0943547203651471e-08,5.610571929099027
123,9140.968712710528,0.1,0.4165271748121641,0.40407510940053554,5.4619313268112135e-05,0.0013256920005689581,0.00019992753661155752,1.0425423780862702e-08,0.76841828347377,0.21936893014924527,0.012212786376997376,2.0476169433156944e-17,3.0421002684467176e-21,0.006571854033988494,4.199742326095626,0.0009803264107878524,4.2053338537188285,1.197138228461754e-11,4.206314180117645,0.0021906428271317824,2.6087344504566783,0.00032679960230199025,2.6105982936815093,2.394276456923508e-11,2.6109250932598695,0.0015647980532418851,4.453711054093735,0.00023347999887150583,4.455042372148106,5.985691142308773e-11,4.455275852087119
124,12303.381211653892,0.1,0.3823492070691473,0.37085370332341944,5.084713142498794e-05,0.0013407825166026806,0.0002077374912607755,2.878654426367114e-10,0.8532356293026924,0.14310786756238236,0.003656503134927699,1.3763249986685263e-22,5.636142474354476e-28,0.006650368571110509,4.367797866850975,0.0009971254981846107,4.373451109923902,1.0321947391906469e-14,4.374448235422077,0.002216789539951944,2.143269819231647,0.00033237518210655297,2.145154233589493,2.0643894783812937e-14,2.145486608771579,0.0015834211347837612,3.003772435768269,0.00023741087874400087,3.005118446024308,5.160973695953237e-14,3.0053558569030003
125,16559.86296384469,0.1,0.34578552581352817,0.33683778224400823,4.787796518980864e-05,0.0013610222628124545,0.0002257606680763425,2.4413304938492368e-12,0.931194842608242,0.06786753259400129,0.0009376247977786101,1.9296659183005855e-29,5.620537327583325e-37,0.006768224789098438,4.58998778093817,0.0010936294280085837,4.59566237629926,7.593112441833249e-19,4.59675600572727,0.002256074929700339,1.7656433859352179,0.0003645431426703833,1.767534917722248,1.5186224883666499e-18,1.7678994608649177,0.0016114820926449403,1.766132687716228,0.00026038795905210666,1.7674837818498206,3.796556220916624e-18,1.7677441698088725
126,22288.918522784857,0.1,0.31970069962819175,0.3133626204694516,4.617171879295943e-05,0.0013697457656530795,0.00023416307874523759,4.023096167571152e-15,0.9814475054597785,0.0182891504786107,0.000263344061629142,1.6447238656130596e-38,5.215190294735443e-49,0.006844735628188509,4.843692387930842,0.0011669444738783583,4.849370179085151,2.06643170413497e-24,4.85053712355903,0.0022815785427295018,1.6445619158888602,0.00038898149129278607,1.6464545129402954,4.13286340826994e-24,1.6468434944315877,0.0016296989590925016,1.2389680540177561,0.0002778439223519901,1.2403199090544976,1.0332158520674847e-23,1.24059775297685
127,30000.0,0.1,0.31096070516188046,0.3055554181336361,4.565556827251338e-05,0.0013705382689524774,0.00023493195318886293,7.230827541176053e-19,0.9977471677474304,0.0021845895459022685,6.824270666419881e-05,1.4193213740944672e-50,4.165115104628223e-65,0.006852580930312163,4.971560566983399,0.0011745535637903092,4.977238594349921,6.675984899337841e-32,4.978413147913711,0.002284193643437387,1.6579711857353838,0.00039151785459676973,1.6598638615242247,1.3351969798675683e-31,1.6602553793788213,0.001631566888169562,1.1859458399702254,0.00027965561042626413,1.1872977512479703,3.337992449668921e-31,1.1875774068583969
