j,G_true_p0.9,V_true_p0.9,G_true_p0.95,V_true_p0.95,G_true_p0.99,V_true_p0.99
0,0.9761522496769394,0.7788600853663313,0.9703175784156323,0.7788600853663313,0.9663625327955515,0.7788600853663313
1,0.9739201942279829,0.7694521674433177,0.9676939342914203,0.7694521674433177,0.9630340290558798,0.7694521674433177
2,0.9633081411285586,0.7631984962994871,0.9557113208286017,0.7631984962994871,0.9476054352508125,0.7631984962994871
3,0.9112660061871011,0.7451619219172182,0.8970121784078005,0.7451619219172182,0.8776676978501782,0.7451619219172182
4,0.730156243881427,0.6136449073892782,0.681207659474488,0.6136449073892782,0.5864432000626542,0.6136449073892782
5,0.520499667149626,0.5736891569095821,0.4274581979089165,0.5736891569095821,0.31612953753377454,0.5736891569095821
6,0.13701687747190353,0.4752006891960686,0.06672671026353919,0.4752006891960686,0.017386537181344714,0.4752006891960686
7,0.10165642009633082,0.37089321376825796,0.050671574578063205,0.37089321376825796,0.010220464424168853,0.37089321376825796
8,0.9755648666640561,0.7783118612209736,0.9696127188001723,0.7783118612209736,0.9654227199749383,0.7783118612209736
9,0.9748991659161217,0.778018169714532,0.9687903825821357,0.778018169714532,0.964404589419274,0.778018169714532
10,0.9741159885656107,0.7768727728394096,0.9680072052316248,0.7768727728394096,0.963621412068763,0.7768727728394096
11,0.9727845870697419,0.7686533265457964,0.9661275795903983,0.7686533265457964,0.960136272858989,0.7686533265457964
12,0.9703958961506833,0.7645690566628814,0.9629557113208286,0.7645690566628814,0.9554763676234483,0.7645690566628814
13,0.9660101029878216,0.7636292438422682,0.9585307592904413,0.7636292438422682,0.9507381446528567,0.7636292438422682
14,0.9578650585425069,0.7612797117907352,0.9499549673023456,0.7612797117907352,0.9414183341817755,0.7612797117907352
15,0.954105807260054,0.7574029839057056,0.9445902024513451,0.7574029839057056,0.9351529153776873,0.7574029839057056
16,0.9483886126013236,0.7510984062340919,0.9362493636684027,0.7510984062340919,0.9202725457179778,0.7510984062340919
17,0.8352194854524807,0.7030622234404982,0.8133688373732232,0.7030622234404982,0.7502839017895603,0.7030622234404982
18,0.7877980968790382,0.6543877511062379,0.745154090143713,0.6543877511062379,0.6666014018874574,0.6543877511062379
19,0.7716254845909857,0.64565532364804,0.7264753103340251,0.64565532364804,0.6340603829737244,0.64565532364804
20,0.7027450366135412,0.6090926890394329,0.6550103770998943,0.6090926890394329,0.5707013353173827,0.6090926890394329
21,0.6342561773113522,0.5912754043153071,0.5697223636292439,0.5912754043153071,0.4707287465246505,0.5912754043153071
22,0.5267259270861887,0.5753338293456552,0.4327838038923914,0.5753338293456552,0.32051533069663624,0.5753338293456552
23,0.30955084778948194,0.5152288835806869,0.21979872342091866,0.5152288835806869,0.11567529467047813,0.5152288835806869
24,0.26295179543407604,0.5033245878529193,0.17566667971962252,0.5033245878529193,0.07867016485883228,0.5033245878529193
25,0.22152171359204292,0.4926968712064849,0.13263108430904177,0.4926968712064849,0.042683165602850764,0.4926968712064849
26,0.12025688217096761,0.46099776794455116,0.05830755374554568,0.46099776794455116,0.012883267415906332,0.46099776794455116
27,0.10823510984062341,0.43464385009985523,0.051846340603829734,0.43464385009985523,0.01041625876179661,0.43464385009985523
28,0.10435838195559384,0.4085248854603126,0.051024004385793166,0.4085248854603126,0.010220464424168853,0.4085248854603126
29,0.10146062575870306,0.3259779927164506,0.050671574578063205,0.3259779927164506,0.010220464424168853,0.3259779927164506
30,0.10122567255354975,0.30517484434350156,0.05047578024043545,0.30517484434350156,0.0101029878215922,0.30517484434350156
31,0.10122567255354975,0.3045091435955672,0.05047578024043545,0.3045091435955672,0.0101029878215922,0.3045091435955672
32,0.9769462284533111,0.7782406721353745,0.9719247165968471,0.7782406721353745,0.9675701603005058,0.7782406721353745
33,0.9764753444281098,0.7777515275565317,0.9713306898636033,0.7777515275565317,0.9668276023486055,0.7777515275565317
34,0.9758603473079885,0.7768024501640085,0.9705568960112765,0.7768024501640085,0.9658605741229652,0.7768024501640085
35,0.9750590940976842,0.7747654558746089,0.9695545260237225,0.7747654558746089,0.9646060783948724,0.7747654558746089
36,0.9740200587354158,0.7712485937550221,0.9682622740848997,0.7712485937550221,0.9629660515630052,0.7712485937550221
37,0.9726659271489422,0.7677296444386844,0.9665931936877907,0.7677296444386844,0.960849244001508,0.7677296444386844
38,0.9708520828329648,0.7649953193024337,0.9643960489859289,0.7649953193024337,0.9580620510543365,0.7649953193024337
39,0.9683643770083331,0.7637712847937461,0.9614605052091281,0.7637712847937461,0.9544042003769854,0.7637712847937461
40,0.9649259420046,0.7629431579776914,0.9575059616248984,0.7629431579776914,0.949685388158981,0.7629431579776914
41,0.9601741707693121,0.7614236968344247,0.9520352548213857,0.7614236968344247,0.9432617742599094,0.7614236968344247
42,0.9536208293547945,0.7561056094738664,0.9439725387190007,0.7561056094738664,0.9323755111198349,0.7561056094738664
43,0.941734219765708,0.7503097380760697,0.9295953801964767,0.7503097380760697,0.9129149381307883,0.7503097380760697
44,0.9071582372620386,0.7417416703010316,0.8911611742807628,0.7417416703010316,0.8653861697253478,0.7417416703010316
45,0.8422608915082042,0.6991388005448812,0.813345881938887,0.6991388005448812,0.7515506957564141,0.6991388005448812
46,0.7931243680502458,0.6532711354525484,0.7505742765665344,0.6532711354525484,0.6709996760512332,0.6532711354525484
47,0.7686522176245738,0.6420549932832598,0.7234792911474042,0.6420549932832598,0.6346100377917849,0.6420549932832598
48,0.730378286625591,0.6179590042921008,0.6812457475097966,0.6179590042921008,0.5906641870957431,0.6179590042921008
49,0.6979847266422711,0.6059675193895132,0.6456544676067354,0.6059675193895132,0.5554965021861713,0.6059675193895132
50,0.6167420354326668,0.5886953070345184,0.5456251495130503,0.5886953070345184,0.44269193068650936,0.5886953070345184
51,0.5409347235031933,0.5763798616634066,0.44788673853013666,0.5763798616634066,0.3334038673787043,0.5763798616634066
52,0.5101122639789,0.5703907642800388,0.41701818381570405,0.5703907642800388,0.30598812067235126,0.5703907642800388
53,0.31875344382388904,0.5170038484791498,0.22776467476875129,0.5170038484791498,0.12216206968797426,0.5170038484791498
54,0.2641410032738275,0.5033759489605477,0.1766228686739353,0.5033759489605477,0.0787347680678029,0.5033759489605477
55,0.21168160585723675,0.4916835646595212,0.1256355907391152,0.4916835646595212,0.04163672727882335,0.4916835646595212
56,0.14154105213204835,0.47539814407773007,0.06971039015364933,0.47539814407773007,0.017720016393331765,0.47539814407773007
57,0.12014099869445918,0.46105303200532455,0.05818613079718721,0.46105303200532455,0.012810466951197277,0.46105303200532455
58,0.10816894568412515,0.43424850437143764,0.0519086834844945,0.43424850437143764,0.01041466100944364,0.43424850437143764
59,0.1043299998931843,0.4088287282658478,0.051048238805255115,0.4088287282658478,0.01022047340649972,0.4088287282658478
60,0.10165652755291121,0.37065083137914867,0.05067158434175335,0.37065083137914867,0.010220474112683356,0.37065083137914867
61,0.10145984488351491,0.32571740590114434,0.05067079114807799,0.32571740590114434,0.01021976780003175,0.32571740590114434
62,0.10122855300944386,0.30529634057830296,0.050477463126327116,0.30529634057830296,0.010103628219436642,0.30529634057830296
63,0.10122567255460091,0.30450914399849377,0.05047578024096432,0.30450914399849377,0.010102987821782317,0.30450914399849377
64,0.966672308926956,0.7734973495367,0.960870372074865,0.7734973495367,0.9546815159739005,0.7734973495367
65,0.9661159892039188,0.7728955166401601,0.9602098065242695,0.7728955166401601,0.9538797538524202,0.7728955166401601
66,0.9653602745159804,0.7719939333715995,0.9593116776847109,0.7719939333715995,0.952787540230012,0.7719939333715995
67,0.9643312042872455,0.7706374364506843,0.9580874462083223,0.7706374364506843,0.9512953785171067,0.7706374364506843
68,0.9629237979324622,0.7686314369385506,0.9564115550266966,0.7686314369385506,0.949248444550071,0.7686314369385506
69,0.9609872776356748,0.7658971265584946,0.9541035087248089,0.7658971265584946,0.9464221294411927,0.7658971265584946
70,0.9583068042337208,0.7627684484760893,0.9509062025839827,0.7627684484760893,0.9424859400991764,0.7627684484760893
71,0.9546299050868794,0.7598766194255551,0.9465126749217351,0.7598766194255551,0.9370347693369969,0.7598766194255551
72,0.9495442470216234,0.7573514100816374,0.940416369695292,0.7573514100816374,0.929375409936691,0.7573514100816374
73,0.9421404685021413,0.7541361350449589,0.9315167577514147,0.7541361350449589,0.917952104519774,0.7541361350449589
74,0.9308330404087751,0.7487526214158071,0.9179020623224696,0.7487526214158071,0.8999947245318146,0.7487526214158071
75,0.9130007374552642,0.741271332186766,0.8964294063950655,0.741271332186766,0.8710810080006142,0.741271332186766
76,0.8849211276169444,0.7269484354249256,0.86252591293872,0.7269484354249256,0.824593192422477,0.7269484354249256
77,0.8452203852720175,0.690486490998326,0.8139271872784328,0.690486490998326,0.7563868074923887,0.690486490998326
78,0.8027677800080253,0.6516967082645753,0.761537524424671,0.6516967082645753,0.684040171736622,0.6516967082645753
79,0.766853221400507,0.636115065963807,0.7188423472572342,0.636115065963807,0.6299672253837859,0.636115065963807
80,0.726102776614279,0.616618261414016,0.6717133558954071,0.616618261414016,0.5772483386966313,0.616618261414016
81,0.679351709605231,0.6007665052119939,0.6175071711901343,0.6007665052119939,0.518492976164777,0.6007665052119939
82,0.6262597959154718,0.5876166928941835,0.5535196299705936,0.5876166928941835,0.4476713401343166,0.5876166928941835
83,0.5712543736698066,0.5762093236855124,0.48583549572270984,0.5762093236855124,0.3728936581264106,0.5762093236855124
84,0.49429486947900625,0.5574309782541327,0.4021108773254744,0.5574309782541327,0.2880837508684534,0.5574309782541327
85,0.361909031452388,0.5234992037834844,0.26989381378854277,0.5234992037834844,0.1617300959509661,0.5234992037834844
86,0.2700516318215778,0.5034747701834507,0.1814814224426853,0.5034747701834507,0.0846799761021087,0.5034747701834507
87,0.20944559977215374,0.49041899151706286,0.1255509476641312,0.49041899151706286,0.04499164645799417,0.49041899151706286
88,0.15755374317915807,0.47605200100829104,0.0826085250793189,0.47605200100829104,0.02175178824473917,0.47605200100829104
89,0.12392699339612337,0.4592730247136313,0.06032916750255136,0.4592730247136313,0.013019735730761123,0.4592730247136313
90,0.10894874674135388,0.4350986608205674,0.0523335470707243,0.4350986608205674,0.010487338292743044,0.4350986608205674
91,0.10436091823098587,0.40818331388494267,0.051063501750169,0.40818331388494267,0.010226959979225457,0.40818331388494267
92,0.10170380920363721,0.3701080442928153,0.050673440539051956,0.3701080442928153,0.010220897816667912,0.3701080442928153
93,0.1014431304384886,0.32736418875277945,0.050649825016843765,0.32736418875277945,0.010206061994454814,0.32736418875277945
94,0.10126525414087358,0.3059806801910766,0.050505956835492125,0.3059806801910766,0.010118105381239908,0.3059806801910766
95,0.10122600169280896,0.30451297944444466,0.050476016734372756,0.30451297944444466,0.010103096916131406,0.30451297944444466
96,0.9039532320881586,0.735502437275239,0.8877327979875348,0.735502437275239,0.8642811970016194,0.735502437275239
97,0.9032112294042063,0.7348715503047167,0.8868207603154101,0.7348715503047167,0.8631310220585029,0.7348715503047167
98,0.9022043352655315,0.7340108017684822,0.8855821508904788,0.7340108017684822,0.8615686771046315,0.7340108017684822
99,0.9008359890924263,0.7328343405904593,0.8838973884229506,0.7328343405904593,0.8594430160134424,0.7328343405904593
100,0.8989748782065048,0.7312255546001244,0.8816038607211997,0.7312255546001244,0.8565484680738876,0.7312255546001244
101,0.8964456327967376,0.7290334536415466,0.8784851663775509,0.7290334536415466,0.8526113933828434,0.7290334536415466
102,0.8930228863764702,0.7260834036823376,0.8742663540310731,0.7260834036823376,0.8472836405936043,0.7260834036823376
103,0.8884359306075076,0.7222092622476639,0.8686258292852578,0.7222092622476639,0.8401568014602818,0.7222092622476639
104,0.8823853595271717,0.7172990995937288,0.8612260506089956,0.7172990995937288,0.8307978269450818,0.7172990995937288
105,0.8745323597615914,0.7112664843800864,0.8517074656617409,0.7112664843800864,0.8187332785869109,0.7112664843800864
106,0.8643622339526646,0.7037819642316924,0.8395118796991015,0.7037819642316924,0.8032222343835197,0.7037819642316924
107,0.8509084954690151,0.6938093881164485,0.8235311642843222,0.6938093881164485,0.782836177676787,0.6938093881164485
108,0.8325659348318116,0.6794187511667195,0.8018988592347207,0.6794187511667195,0.7552538185125004,0.6794187511667195
109,0.8073392561421888,0.6589180724863412,0.7723189824009733,0.6589180724863412,0.7177455322490213,0.6589180724863412
110,0.7740000516905525,0.6344899279927902,0.7333855780064817,0.6344899279927902,0.6689033178429226,0.6344899279927902
111,0.7335222160562598,0.6124850837484633,0.6862538014956866,0.6124850837484633,0.6109827275641491,0.6124850837484633
112,0.6889519272148297,0.5953644669008065,0.6346769963957487,0.5953644669008065,0.549913983590892,0.5953644669008065
113,0.6447473716921593,0.5818112152057858,0.5839898433867156,0.5818112152057858,0.49258884927539387,0.5818112152057858
114,0.6023445697984351,0.5701898147854056,0.5356909596246181,0.5701898147854056,0.4400601724279494,0.5701898147854056
115,0.5574085344597055,0.5581970349046198,0.48479127388450466,0.5581970349046198,0.3859991644669715,0.5581970349046198
116,0.5035325687914383,0.5442209045286804,0.4248473249655923,0.5442209045286804,0.32375619019023505,0.5442209045286804
117,0.4358937174820612,0.5274725341068043,0.35213147428955816,0.5274725341068043,0.25079156532877017,0.5274725341068043
118,0.35672165841796877,0.5087404754895453,0.27039724903415,0.5087404754895453,0.1724820085592687,0.5087404754895453
119,0.27794051893237226,0.49025370664103013,0.19260813008585045,0.49025370664103013,0.10288081843608983,0.49025370664103013
120,0.21126558208159224,0.4725937804213905,0.13071126090550741,0.4725937804213905,0.05368182993503551,0.4725937804213905
121,0.16076715655117538,0.45384929243756034,0.08819453135888665,0.45384929243756034,0.025931206435161995,0.45384929243756034
122,0.12722620782633332,0.4315752406145778,0.06380859062554518,0.4315752406145778,0.014076661308099066,0.4315752406145778
123,0.10982932280088607,0.40407510940053554,0.05369316864431612,0.40407510940053554,0.010765706628546685,0.40407510940053554
124,0.10321352747619089,0.37085370332341944,0.05104276299749846,0.37085370332341944,0.0102423905670258,0.37085370332341944
125,0.10158559553973603,0.33683778224400823,0.050630551183733274,0.33683778224400823,0.010182557773220625,0.33683778224400823
126,0.10132663790989263,0.3133626204694516,0.05054963977676086,0.3133626204694516,0.01014539908529186,0.3133626204694516
127,0.10125391602510639,0.3055554181336361,0.05049822053525108,0.3055554181336361,0.010115459694468596,0.3055554181336361
