method,p,eps,K,n,reps,cert,false,G_sel,V_sel,cost_sel,slack,slack_min,V_deploy,V_deploy_sd,cost_deploy,cert_rate,cert_lo,cert_hi,false_rate,false_lo,false_hi
cdf_empbernstein,0.9,0.2,8,500,25,0,0,,,,,,0.3045091435955672,0.0,4.5586435368289157e-05,0.0,0.0,0.13319649395317873,0.0,0.0,0.13319649395317873
cdf_empbernstein,0.9,0.2,32,500,25,0,0,,,,,,0.3045091435955672,0.0,4.5586435368289157e-05,0.0,0.0,0.13319649395317873,0.0,0.0,0.13319649395317873
cdf_empbernstein,0.9,0.2,128,500,25,0,0,,,,,,0.3045091435955672,0.0,4.5586435368289157e-05,0.0,0.0,0.13319649395317873,0.0,0.0,0.13319649395317873
cdf_empbernstein,0.9,0.5,8,500,25,0,0,,,,,,0.3045091435955672,0.0,4.5586435368289157e-05,0.0,0.0,0.13319649395317873,0.0,0.0,0.13319649395317873
cdf_empbernstein,0.9,0.5,32,500,25,0,0,,,,,,0.3045091435955672,0.0,4.5586435368289157e-05,0.0,0.0,0.13319649395317873,0.0,0.0,0.13319649395317873
cdf_empbernstein,0.9,0.5,128,500,25,0,0,,,,,,0.3045091435955672,0.0,4.5586435368289157e-05,0.0,0.0,0.13319649395317873,0.0,0.0,0.13319649395317873
cdf_empbernstein,0.9,1.0,8,500,25,0,0,,,,,,0.3045091435955672,0.0,4.5586435368289157e-05,0.0,0.0,0.13319649395317873,0.0,0.0,0.13319649395317873
cdf_empbernstein,0.9,1.0,32,500,25,0,0,,,,,,0.3045091435955672,0.0,4.5586435368289157e-05,0.0,0.0,0.13319649395317873,0.0,0.0,0.13319649395317873
cdf_empbernstein,0.9,1.0,128,500,25,0,0,,,,,,0.3045091435955672,0.0,4.5586435368289157e-05,0.0,0.0,0.13319649395317873,0.0,0.0,0.13319649395317873
cdf_empbernstein,0.95,0.2,8,500,25,0,0,,,,,,0.3045091435955672,0.0,4.5586435368289157e-05,0.0,0.0,0.13319649395317873,0.0,0.0,0.13319649395317873
cdf_empbernstein,0.95,0.2,32,500,25,0,0,,,,,,0.3045091435955672,0.0,4.5586435368289157e-05,0.0,0.0,0.13319649395317873,0.0,0.0,0.13319649395317873
cdf_empbernstein,0.95,0.2,128,500,25,0,0,,,,,,0.3045091435955672,0.0,4.5586435368289157e-05,0.0,0.0,0.13319649395317873,0.0,0.0,0.13319649395317873
cdf_empbernstein,0.95,0.5,8,500,25,0,0,,,,,,0.3045091435955672,0.0,4.5586435368289157e-05,0.0,0.0,0.13319649395317873,0.0,0.0,0.13319649395317873
cdf_empbernstein,0.95,0.5,32,500,25,0,0,,,,,,0.3045091435955672,0.0,4.5586435368289157e-05,0.0,0.0,0.13319649395317873,0.0,0.0,0.13319649395317873
cdf_empbernstein,0.95,0.5,128,500,25,0,0,,,,,,0.3045091435955672,0.0,4.5586435368289157e-05,0.0,0.0,0.13319649395317873,0.0,0.0,0.13319649395317873
cdf_empbernstein,0.95,1.0,8,500,25,0,0,,,,,,0.3045091435955672,0.0,4.5586435368289157e-05,0.0,0.0,0.13319649395317873,0.0,0.0,0.13319649395317873
cdf_empbernstein,0.95,1.0,32,500,25,0,0,,,,,,0.3045091435955672,0.0,4.5586435368289157e-05,0.0,0.0,0.13319649395317873,0.0,0.0,0.13319649395317873
cdf_empbernstein,0.95,1.0,128,500,25,0,0,,,,,,0.3045091435955672,0.0,4.5586435368289157e-05,0.0,0.0,0.13319649395317873,0.0,0.0,0.13319649395317873
cdf_empbernstein,0.99,0.2,8,500,25,0,0,,,,,,0.3045091435955672,0.0,4.5586435368289157e-05,0.0,0.0,0.13319649395317873,0.0,0.0,0.13319649395317873
cdf_empbernstein,0.99,0.2,32,500,25,0,0,,,,,,0.3045091435955672,0.0,4.5586435368289157e-05,0.0,0.0,0.13319649395317873,0.0,0.0,0.13319649395317873
cdf_empbernstein,0.99,0.2,128,500,25,0,0,,,,,,0.3045091435955672,0.0,4.5586435368289157e-05,0.0,0.0,0.13319649395317873,0.0,0.0,0.13319649395317873
cdf_empbernstein,0.99,0.5,8,500,25,0,0,,,,,,0.3045091435955672,0.0,4.5586435368289157e-05,0.0,0.0,0.13319649395317873,0.0,0.0,0.13319649395317873
cdf_empbernstein,0.99,0.5,32,500,25,0,0,,,,,,0.3045091435955672,0.0,4.5586435368289157e-05,0.0,0.0,0.13319649395317873,0.0,0.0,0.13319649395317873
cdf_empbernstein,0.99,0.5,128,500,25,0,0,,,,,,0.3045091435955672,0.0,4.5586435368289157e-05,0.0,0.0,0.13319649395317873,0.0,0.0,0.13319649395317873
cdf_empbernstein,0.99,1.0,8,500,25,0,0,,,,,,0.3045091435955672,0.0,4.5586435368289157e-05,0.0,0.0,0.13319649395317873,0.0,0.0,0.13319649395317873
cdf_empbernstein,0.99,1.0,32,500,25,0,0,,,,,,0.3045091435955672,0.0,4.5586435368289157e-05,0.0,0.0,0.13319649395317873,0.0,0.0,0.13319649395317873
cdf_empbernstein,0.99,1.0,128,500,25,0,0,,,,,,0.3045091435955672,0.0,4.5586435368289157e-05,0.0,0.0,0.13319649395317873,0.0,0.0,0.13319649395317873
cdf_pacbayes,0.9,0.2,8,500,25,0,0,,,,,,0.3045091435955672,0.0,4.5586435368289157e-05,0.0,0.0,0.13319649395317873,0.0,0.0,0.13319649395317873
cdf_pacbayes,0.9,0.2,32,500,25,0,0,,,,,,0.3045091435955672,0.0,4.5586435368289157e-05,0.0,0.0,0.13319649395317873,0.0,0.0,0.13319649395317873
cdf_pacbayes,0.9,0.2,128,500,25,0,0,,,,,,0.3045091435955672,0.0,4.5586435368289157e-05,0.0,0.0,0.13319649395317873,0.0,0.0,0.13319649395317873
cdf_pacbayes,0.9,0.5,8,500,25,0,0,,,,,,0.3045091435955672,0.0,4.5586435368289157e-05,0.0,0.0,0.13319649395317873,0.0,0.0,0.13319649395317873
cdf_pacbayes,0.9,0.5,32,500,25,0,0,,,,,,0.3045091435955672,0.0,4.5586435368289157e-05,0.0,0.0,0.13319649395317873,0.0,0.0,0.13319649395317873
cdf_pacbayes,0.9,0.5,128,500,25,0,0,,,,,,0.3045091435955672,0.0,4.5586435368289157e-05,0.0,0.0,0.13319649395317873,0.0,0.0,0.13319649395317873
cdf_pacbayes,0.9,1.0,8,500,25,0,0,,,,,,0.3045091435955672,0.0,4.5586435368289157e-05,0.0,0.0,0.13319649395317873,0.0,0.0,0.13319649395317873
cdf_pacbayes,0.9,1.0,32,500,25,0,0,,,,,,0.3045091435955672,0.0,4.5586435368289157e-05,0.0,0.0,0.13319649395317873,0.0,0.0,0.13319649395317873
cdf_pacbayes,0.9,1.0,128,500,25,0,0,,,,,,0.3045091435955672,0.0,4.5586435368289157e-05,0.0,0.0,0.13319649395317873,0.0,0.0,0.13319649395317873
cdf_pacbayes,0.95,0.2,8,500,25,0,0,,,,,,0.3045091435955672,0.0,4.5586435368289157e-05,0.0,0.0,0.13319649395317873,0.0,0.0,0.13319649395317873
cdf_pacbayes,0.95,0.2,32,500,25,0,0,,,,,,0.3045091435955672,0.0,4.5586435368289157e-05,0.0,0.0,0.13319649395317873,0.0,0.0,0.13319649395317873
cdf_pacbayes,0.95,0.2,128,500,25,0,0,,,,,,0.3045091435955672,0.0,4.5586435368289157e-05,0.0,0.0,0.13319649395317873,0.0,0.0,0.13319649395317873
cdf_pacbayes,0.95,0.5,8,500,25,0,0,,,,,,0.3045091435955672,0.0,4.5586435368289157e-05,0.0,0.0,0.13319649395317873,0.0,0.0,0.13319649395317873
cdf_pacbayes,0.95,0.5,32,500,25,0,0,,,,,,0.3045091435955672,0.0,4.5586435368289157e-05,0.0,0.0,0.13319649395317873,0.0,0.0,0.13319649395317873
cdf_pacbayes,0.95,0.5,128,500,25,0,0,,,,,,0.3045091435955672,0.0,4.5586435368289157e-05,0.0,0.0,0.13319649395317873,0.0,0.0,0.13319649395317873
cdf_pacbayes,0.95,1.0,8,500,25,0,0,,,,,,0.3045091435955672,0.0,4.5586435368289157e-05,0.0,0.0,0.13319649395317873,0.0,0.0,0.13319649395317873
cdf_pacbayes,0.95,1.0,32,500,25,0,0,,,,,,0.3045091435955672,0.0,4.5586435368289157e-05,0.0,0.0,0.13319649395317873,0.0,0.0,0.13319649395317873
cdf_pacbayes,0.95,1.0,128,500,25,0,0,,,,,,0.3045091435955672,0.0,4.5586435368289157e-05,0.0,0.0,0.13319649395317873,0.0,0.0,0.13319649395317873
cdf_pacbayes,0.99,0.2,8,500,25,0,0,,,,,,0.3045091435955672,0.0,4.5586435368289157e-05,0.0,0.0,0.13319649395317873,0.0,0.0,0.13319649395317873
cdf_pacbayes,0.99,0.2,32,500,25,0,0,,,,,,0.3045091435955672,0.0,4.5586435368289157e-05,0.0,0.0,0.13319649395317873,0.0,0.0,0.13319649395317873
cdf_pacbayes,0.99,0.2,128,500,25,0,0,,,,,,0.3045091435955672,0.0,4.5586435368289157e-05,0.0,0.0,0.13319649395317873,0.0,0.0,0.13319649395317873
cdf_pacbayes,0.99,0.5,8,500,25,0,0,,,,,,0.3045091435955672,0.0,4.5586435368289157e-05,0.0,0.0,0.13319649395317873,0.0,0.0,0.13319649395317873
cdf_pacbayes,0.99,0.5,32,500,25,0,0,,,,,,0.3045091435955672,0.0,4.5586435368289157e-05,0.0,0.0,0.13319649395317873,0.0,0.0,0.13319649395317873
cdf_pacbayes,0.99,0.5,128,500,25,0,0,,,,,,0.3045091435955672,0.0,4.5586435368289157e-05,0.0,0.0,0.13319649395317873,0.0,0.0,0.13319649395317873
cdf_pacbayes,0.99,1.0,8,500,25,0,0,,,,,,0.3045091435955672,0.0,4.5586435368289157e-05,0.0,0.0,0.13319649395317873,0.0,0.0,0.13319649395317873
cdf_pacbayes,0.99,1.0,32,500,25,0,0,,,,,,0.3045091435955672,0.0,4.5586435368289157e-05,0.0,0.0,0.13319649395317873,0.0,0.0,0.13319649395317873
cdf_pacbayes,0.99,1.0,128,500,25,0,0,,,,,,0.3045091435955672,0.0,4.5586435368289157e-05,0.0,0.0,0.13319649395317873,0.0,0.0,0.13319649395317873
exc_betting,0.9,0.2,8,500,25,0,0,,,,,,0.3045091435955672,0.0,4.5586435368289157e-05,0.0,0.0,0.13319649395317873,0.0,0.0,0.13319649395317873
exc_betting,0.9,0.2,32,500,25,0,0,,,,,,0.3045091435955672,0.0,4.5586435368289157e-05,0.0,0.0,0.13319649395317873,0.0,0.0,0.13319649395317873
exc_betting,0.9,0.2,128,500,25,0,0,,,,,,0.3045091435955672,0.0,4.5586435368289157e-05,0.0,0.0,0.13319649395317873,0.0,0.0,0.13319649395317873
exc_betting,0.9,0.5,8,500,25,0,0,,,,,,0.3045091435955672,0.0,4.5586435368289157e-05,0.0,0.0,0.13319649395317873,0.0,0.0,0.13319649395317873
exc_betting,0.9,0.5,32,500,25,0,0,,,,,,0.3045091435955672,0.0,4.5586435368289157e-05,0.0,0.0,0.13319649395317873,0.0,0.0,0.13319649395317873
exc_betting,0.9,0.5,128,500,25,0,0,,,,,,0.3045091435955672,0.0,4.5586435368289157e-05,0.0,0.0,0.13319649395317873,0.0,0.0,0.13319649395317873
exc_betting,0.9,1.0,8,500,25,0,0,,,,,,0.3045091435955672,0.0,4.5586435368289157e-05,0.0,0.0,0.13319649395317873,0.0,0.0,0.13319649395317873
exc_betting,0.9,1.0,32,500,25,0,0,,,,,,0.3045091435955672,0.0,4.5586435368289157e-05,0.0,0.0,0.13319649395317873,0.0,0.0,0.13319649395317873
exc_betting,0.9,1.0,128,500,25,0,0,,,,,,0.3045091435955672,0.0,4.5586435368289157e-05,0.0,0.0,0.13319649395317873,0.0,0.0,0.13319649395317873
exc_betting,0.95,0.2,8,500,25,0,0,,,,,,0.3045091435955672,0.0,4.5586435368289157e-05,0.0,0.0,0.13319649395317873,0.0,0.0,0.13319649395317873
exc_betting,0.95,0.2,32,500,25,0,0,,,,,,0.3045091435955672,0.0,4.5586435368289157e-05,0.0,0.0,0.13319649395317873,0.0,0.0,0.13319649395317873
exc_betting,0.95,0.2,128,500,25,0,0,,,,,,0.3045091435955672,0.0,4.5586435368289157e-05,0.0,0.0,0.13319649395317873,0.0,0.0,0.13319649395317873
exc_betting,0.95,0.5,8,500,25,0,0,,,,,,0.3045091435955672,0.0,4.5586435368289157e-05,0.0,0.0,0.13319649395317873,0.0,0.0,0.13319649395317873
exc_betting,0.95,0.5,32,500,25,0,0,,,,,,0.3045091435955672,0.0,4.5586435368289157e-05,0.0,0.0,0.13319649395317873,0.0,0.0,0.13319649395317873
exc_betting,0.95,0.5,128,500,25,0,0,,,,,,0.3045091435955672,0.0,4.5586435368289157e-05,0.0,0.0,0.13319649395317873,0.0,0.0,0.13319649395317873
exc_betting,0.95,1.0,8,500,25,0,0,,,,,,0.3045091435955672,0.0,4.5586435368289157e-05,0.0,0.0,0.13319649395317873,0.0,0.0,0.13319649395317873
exc_betting,0.95,1.0,32,500,25,0,0,,,,,,0.3045091435955672,0.0,4.5586435368289157e-05,0.0,0.0,0.13319649395317873,0.0,0.0,0.13319649395317873
exc_betting,0.95,1.0,128,500,25,0,0,,,,,,0.3045091435955672,0.0,4.5586435368289157e-05,0.0,0.0,0.13319649395317873,0.0,0.0,0.13319649395317873
exc_betting,0.99,0.2,8,500,25,0,0,,,,,,0.3045091435955672,0.0,4.5586435368289157e-05,0.0,0.0,0.13319649395317873,0.0,0.0,0.13319649395317873
exc_betting,0.99,0.2,32,500,25,0,0,,,,,,0.3045091435955672,0.0,4.5586435368289157e-05,0.0,0.0,0.13319649395317873,0.0,0.0,0.13319649395317873
exc_betting,0.99,0.2,128,500,25,0,0,,,,,,0.3045091435955672,0.0,4.5586435368289157e-05,0.0,0.0,0.13319649395317873,0.0,0.0,0.13319649395317873
exc_betting,0.99,0.5,8,500,25,0,0,,,,,,0.3045091435955672,0.0,4.5586435368289157e-05,0.0,0.0,0.13319649395317873,0.0,0.0,0.13319649395317873
exc_betting,0.99,0.5,32,500,25,0,0,,,,,,0.3045091435955672,0.0,4.5586435368289157e-05,0.0,0.0,0.13319649395317873,0.0,0.0,0.13319649395317873
exc_betting,0.99,0.5,128,500,25,0,0,,,,,,0.3045091435955672,0.0,4.5586435368289157e-05,0.0,0.0,0.13319649395317873,0.0,0.0,0.13319649395317873
exc_betting,0.99,1.0,8,500,25,0,0,,,,,,0.3045091435955672,0.0,4.5586435368289157e-05,0.0,0.0,0.13319649395317873,0.0,0.0,0.13319649395317873
exc_betting,0.99,1.0,32,500,25,0,0,,,,,,0.3045091435955672,0.0,4.5586435368289157e-05,0.0,0.0,0.13319649395317873,0.0,0.0,0.13319649395317873
exc_betting,0.99,1.0,128,500,25,0,0,,,,,,0.3045091435955672,0.0,4.5586435368289157e-05,0.0,0.0,0.13319649395317873,0.0,0.0,0.13319649395317873
exc_empbernstein,0.9,0.2,8,500,25,0,0,,,,,,0.3045091435955672,0.0,4.5586435368289157e-05,0.0,0.0,0.13319649395317873,0.0,0.0,0.13319649395317873
exc_empbernstein,0.9,0.2,32,500,25,0,0,,,,,,0.3045091435955672,0.0,4.5586435368289157e-05,0.0,0.0,0.13319649395317873,0.0,0.0,0.13319649395317873
exc_empbernstein,0.9,0.2,128,500,25,0,0,,,,,,0.3045091435955672,0.0,4.5586435368289157e-05,0.0,0.0,0.13319649395317873,0.0,0.0,0.13319649395317873
exc_empbernstein,0.9,0.5,8,500,25,0,0,,,,,,0.3045091435955672,0.0,4.5586435368289157e-05,0.0,0.0,0.13319649395317873,0.0,0.0,0.13319649395317873
exc_empbernstein,0.9,0.5,32,500,25,0,0,,,,,,0.3045091435955672,0.0,4.5586435368289157e-05,0.0,0.0,0.13319649395317873,0.0,0.0,0.13319649395317873
exc_empbernstein,0.9,0.5,128,500,25,0,0,,,,,,0.3045091435955672,0.0,4.5586435368289157e-05,0.0,0.0,0.13319649395317873,0.0,0.0,0.13319649395317873
exc_empbernstein,0.9,1.0,8,500,25,0,0,,,,,,0.3045091435955672,0.0,4.5586435368289157e-05,0.0,0.0,0.13319649395317873,0.0,0.0,0.13319649395317873
exc_empbernstein,0.9,1.0,32,500,25,0,0,,,,,,0.3045091435955672,0.0,4.5586435368289157e-05,0.0,0.0,0.13319649395317873,0.0,0.0,0.13319649395317873
exc_empbernstein,0.9,1.0,128,500,25,0,0,,,,,,0.3045091435955672,0.0,4.5586435368289157e-05,0.0,0.0,0.13319649395317873,0.0,0.0,0.13319649395317873
exc_empbernstein,0.95,0.2,8,500,25,0,0,,,,,,0.3045091435955672,0.0,4.5586435368289157e-05,0.0,0.0,0.13319649395317873,0.0,0.0,0.13319649395317873
exc_empbernstein,0.95,0.2,32,500,25,0,0,,,,,,0.3045091435955672,0.0,4.5586435368289157e-05,0.0,0.0,0.13319649395317873,0.0,0.0,0.13319649395317873
exc_empbernstein,0.95,0.2,128,500,25,0,0,,,,,,0.3045091435955672,0.0,4.5586435368289157e-05,0.0,0.0,0.13319649395317873,0.0,0.0,0.13319649395317873
exc_empbernstein,0.95,0.5,8,500,25,0,0,,,,,,0.3045091435955672,0.0,4.5586435368289157e-05,0.0,0.0,0.13319649395317873,0.0,0.0,0.13319649395317873
exc_empbernstein,0.95,0.5,32,500,25,0,0,,,,,,0.3045091435955672,0.0,4.5586435368289157e-05,0.0,0.0,0.13319649395317873,0.0,0.0,0.13319649395317873
exc_empbernstein,0.95,0.5,128,500,25,0,0,,,,,,0.3045091435955672,0.0,4.5586435368289157e-05,0.0,0.0,0.13319649395317873,0.0,0.0,0.13319649395317873
exc_empbernstein,0.95,1.0,8,500,25,0,0,,,,,,0.3045091435955672,0.0,4.5586435368289157e-05,0.0,0.0,0.13319649395317873,0.0,0.0,0.13319649395317873
exc_empbernstein,0.95,1.0,32,500,25,0,0,,,,,,0.3045091435955672,0.0,4.5586435368289157e-05,0.0,0.0,0.13319649395317873,0.0,0.0,0.13319649395317873
exc_empbernstein,0.95,1.0,128,500,25,0,0,,,,,,0.3045091435955672,0.0,4.5586435368289157e-05,0.0,0.0,0.13319649395317873,0.0,0.0,0.13319649395317873
exc_empbernstein,0.99,0.2,8,500,25,0,0,,,,,,0.3045091435955672,0.0,4.5586435368289157e-05,0.0,0.0,0.13319649395317873,0.0,0.0,0.13319649395317873
exc_empbernstein,0.99,0.2,32,500,25,0,0,,,,,,0.3045091435955672,0.0,4.5586435368289157e-05,0.0,0.0,0.13319649395317873,0.0,0.0,0.13319649395317873
exc_empbernstein,0.99,0.2,128,500,25,0,0,,,,,,0.3045091435955672,0.0,4.5586435368289157e-05,0.0,0.0,0.13319649395317873,0.0,0.0,0.13319649395317873
exc_empbernstein,0.99,0.5,8,500,25,0,0,,,,,,0.3045091435955672,0.0,4.5586435368289157e-05,0.0,0.0,0.13319649395317873,0.0,0.0,0.13319649395317873
exc_empbernstein,0.99,0.5,32,500,25,0,0,,,,,,0.3045091435955672,0.0,4.5586435368289157e-05,0.0,0.0,0.13319649395317873,0.0,0.0,0.13319649395317873
exc_empbernstein,0.99,0.5,128,500,25,0,0,,,,,,0.3045091435955672,0.0,4.5586435368289157e-05,0.0,0.0,0.13319649395317873,0.0,0.0,0.13319649395317873
exc_empbernstein,0.99,1.0,8,500,25,0,0,,,,,,0.3045091435955672,0.0,4.5586435368289157e-05,0.0,0.0,0.13319649395317873,0.0,0.0,0.13319649395317873
exc_empbernstein,0.99,1.0,32,500,25,0,0,,,,,,0.3045091435955672,0.0,4.5586435368289157e-05,0.0,0.0,0.13319649395317873,0.0,0.0,0.13319649395317873
exc_empbernstein,0.99,1.0,128,500,25,0,0,,,,,,0.3045091435955672,0.0,4.5586435368289157e-05,0.0,0.0,0.13319649395317873,0.0,0.0,0.13319649395317873
exceedance,0.9,0.2,8,500,25,0,0,,,,,,0.3045091435955672,0.0,4.5586435368289157e-05,0.0,0.0,0.13319649395317873,0.0,0.0,0.13319649395317873
exceedance,0.9,0.2,32,500,25,0,0,,,,,,0.3045091435955672,0.0,4.5586435368289157e-05,0.0,0.0,0.13319649395317873,0.0,0.0,0.13319649395317873
exceedance,0.9,0.2,128,500,25,0,0,,,,,,0.3045091435955672,0.0,4.5586435368289157e-05,0.0,0.0,0.13319649395317873,0.0,0.0,0.13319649395317873
exceedance,0.9,0.5,8,500,25,0,0,,,,,,0.3045091435955672,0.0,4.5586435368289157e-05,0.0,0.0,0.13319649395317873,0.0,0.0,0.13319649395317873
exceedance,0.9,0.5,32,500,25,0,0,,,,,,0.3045091435955672,0.0,4.5586435368289157e-05,0.0,0.0,0.13319649395317873,0.0,0.0,0.13319649395317873
exceedance,0.9,0.5,128,500,25,0,0,,,,,,0.3045091435955672,0.0,4.5586435368289157e-05,0.0,0.0,0.13319649395317873,0.0,0.0,0.13319649395317873
exceedance,0.9,1.0,8,500,25,0,0,,,,,,0.3045091435955672,0.0,4.5586435368289157e-05,0.0,0.0,0.13319649395317873,0.0,0.0,0.13319649395317873
exceedance,0.9,1.0,32,500,25,0,0,,,,,,0.3045091435955672,0.0,4.5586435368289157e-05,0.0,0.0,0.13319649395317873,0.0,0.0,0.13319649395317873
exceedance,0.9,1.0,128,500,25,0,0,,,,,,0.3045091435955672,0.0,4.5586435368289157e-05,0.0,0.0,0.13319649395317873,0.0,0.0,0.13319649395317873
exceedance,0.95,0.2,8,500,25,0,0,,,,,,0.3045091435955672,0.0,4.5586435368289157e-05,0.0,0.0,0.13319649395317873,0.0,0.0,0.13319649395317873
exceedance,0.95,0.2,32,500,25,0,0,,,,,,0.3045091435955672,0.0,4.5586435368289157e-05,0.0,0.0,0.13319649395317873,0.0,0.0,0.13319649395317873
exceedance,0.95,0.2,128,500,25,0,0,,,,,,0.3045091435955672,0.0,4.5586435368289157e-05,0.0,0.0,0.13319649395317873,0.0,0.0,0.13319649395317873
exceedance,0.95,0.5,8,500,25,0,0,,,,,,0.3045091435955672,0.0,4.5586435368289157e-05,0.0,0.0,0.13319649395317873,0.0,0.0,0.13319649395317873
exceedance,0.95,0.5,32,500,25,0,0,,,,,,0.3045091435955672,0.0,4.5586435368289157e-05,0.0,0.0,0.13319649395317873,0.0,0.0,0.13319649395317873
exceedance,0.95,0.5,128,500,25,0,0,,,,,,0.3045091435955672,0.0,4.5586435368289157e-05,0.0,0.0,0.13319649395317873,0.0,0.0,0.13319649395317873
exceedance,0.95,1.0,8,500,25,0,0,,,,,,0.3045091435955672,0.0,4.5586435368289157e-05,0.0,0.0,0.13319649395317873,0.0,0.0,0.13319649395317873
exceedance,0.95,1.0,32,500,25,0,0,,,,,,0.3045091435955672,0.0,4.5586435368289157e-05,0.0,0.0,0.13319649395317873,0.0,0.0,0.13319649395317873
exceedance,0.95,1.0,128,500,25,0,0,,,,,,0.3045091435955672,0.0,4.5586435368289157e-05,0.0,0.0,0.13319649395317873,0.0,0.0,0.13319649395317873
exceedance,0.99,0.2,8,500,25,0,0,,,,,,0.3045091435955672,0.0,4.5586435368289157e-05,0.0,0.0,0.13319649395317873,0.0,0.0,0.13319649395317873
exceedance,0.99,0.2,32,500,25,0,0,,,,,,0.3045091435955672,0.0,4.5586435368289157e-05,0.0,0.0,0.13319649395317873,0.0,0.0,0.13319649395317873
exceedance,0.99,0.2,128,500,25,0,0,,,,,,0.3045091435955672,0.0,4.5586435368289157e-05,0.0,0.0,0.13319649395317873,0.0,0.0,0.13319649395317873
exceedance,0.99,0.5,8,500,25,0,0,,,,,,0.3045091435955672,0.0,4.5586435368289157e-05,0.0,0.0,0.13319649395317873,0.0,0.0,0.13319649395317873
exceedance,0.99,0.5,32,500,25,0,0,,,,,,0.3045091435955672,0.0,4.5586435368289157e-05,0.0,0.0,0.13319649395317873,0.0,0.0,0.13319649395317873
exceedance,0.99,0.5,128,500,25,0,0,,,,,,0.3045091435955672,0.0,4.5586435368289157e-05,0.0,0.0,0.13319649395317873,0.0,0.0,0.13319649395317873
exceedance,0.99,1.0,8,500,25,0,0,,,,,,0.3045091435955672,0.0,4.5586435368289157e-05,0.0,0.0,0.13319649395317873,0.0,0.0,0.13319649395317873
exceedance,0.99,1.0,32,500,25,0,0,,,,,,0.3045091435955672,0.0,4.5586435368289157e-05,0.0,0.0,0.13319649395317873,0.0,0.0,0.13319649395317873
exceedance,0.99,1.0,128,500,25,0,0,,,,,,0.3045091435955672,0.0,4.5586435368289157e-05,0.0,0.0,0.13319649395317873,0.0,0.0,0.13319649395317873
naive,0.9,0.2,8,500,25,0,0,,,,,,0.3045091435955672,0.0,4.5586435368289157e-05,0.0,0.0,0.13319649395317873,0.0,0.0,0.13319649395317873
naive,0.9,0.2,32,500,25,0,0,,,,,,0.3045091435955672,0.0,4.5586435368289157e-05,0.0,0.0,0.13319649395317873,0.0,0.0,0.13319649395317873
naive,0.9,0.2,128,500,25,0,0,,,,,,0.3045091435955672,0.0,4.5586435368289157e-05,0.0,0.0,0.13319649395317873,0.0,0.0,0.13319649395317873
naive,0.9,0.5,8,500,25,0,0,,,,,,0.3045091435955672,0.0,4.5586435368289157e-05,0.0,0.0,0.13319649395317873,0.0,0.0,0.13319649395317873
naive,0.9,0.5,32,500,25,0,0,,,,,,0.3045091435955672,0.0,4.5586435368289157e-05,0.0,0.0,0.13319649395317873,0.0,0.0,0.13319649395317873
naive,0.9,0.5,128,500,25,0,0,,,,,,0.3045091435955672,0.0,4.5586435368289157e-05,0.0,0.0,0.13319649395317873,0.0,0.0,0.13319649395317873
naive,0.9,1.0,8,500,25,0,0,,,,,,0.3045091435955672,0.0,4.5586435368289157e-05,0.0,0.0,0.13319649395317873,0.0,0.0,0.13319649395317873
naive,0.9,1.0,32,500,25,0,0,,,,,,0.3045091435955672,0.0,4.5586435368289157e-05,0.0,0.0,0.13319649395317873,0.0,0.0,0.13319649395317873
naive,0.9,1.0,128,500,25,0,0,,,,,,0.3045091435955672,0.0,4.5586435368289157e-05,0.0,0.0,0.13319649395317873,0.0,0.0,0.13319649395317873
naive,0.95,0.2,8,500,25,0,0,,,,,,0.3045091435955672,0.0,4.5586435368289157e-05,0.0,0.0,0.13319649395317873,0.0,0.0,0.13319649395317873
naive,0.95,0.2,32,500,25,0,0,,,,,,0.3045091435955672,0.0,4.5586435368289157e-05,0.0,0.0,0.13319649395317873,0.0,0.0,0.13319649395317873
naive,0.95,0.2,128,500,25,0,0,,,,,,0.3045091435955672,0.0,4.5586435368289157e-05,0.0,0.0,0.13319649395317873,0.0,0.0,0.13319649395317873
naive,0.95,0.5,8,500,25,0,0,,,,,,0.3045091435955672,0.0,4.5586435368289157e-05,0.0,0.0,0.13319649395317873,0.0,0.0,0.13319649395317873
naive,0.95,0.5,32,500,25,0,0,,,,,,0.3045091435955672,0.0,4.5586435368289157e-05,0.0,0.0,0.13319649395317873,0.0,0.0,0.13319649395317873
naive,0.95,0.5,128,500,25,0,0,,,,,,0.3045091435955672,0.0,4.5586435368289157e-05,0.0,0.0,0.13319649395317873,0.0,0.0,0.13319649395317873
naive,0.95,1.0,8,500,25,0,0,,,,,,0.3045091435955672,0.0,4.5586435368289157e-05,0.0,0.0,0.13319649395317873,0.0,0.0,0.13319649395317873
naive,0.95,1.0,32,500,25,0,0,,,,,,0.3045091435955672,0.0,4.5586435368289157e-05,0.0,0.0,0.13319649395317873,0.0,0.0,0.13319649395317873
naive,0.95,1.0,128,500,25,0,0,,,,,,0.3045091435955672,0.0,4.5586435368289157e-05,0.0,0.0,0.13319649395317873,0.0,0.0,0.13319649395317873
naive,0.99,0.2,8,500,25,0,0,,,,,,0.3045091435955672,0.0,4.5586435368289157e-05,0.0,0.0,0.13319649395317873,0.0,0.0,0.13319649395317873
naive,0.99,0.2,32,500,25,0,0,,,,,,0.3045091435955672,0.0,4.5586435368289157e-05,0.0,0.0,0.13319649395317873,0.0,0.0,0.13319649395317873
naive,0.99,0.2,128,500,25,0,0,,,,,,0.3045091435955672,0.0,4.5586435368289157e-05,0.0,0.0,0.13319649395317873,0.0,0.0,0.13319649395317873
naive,0.99,0.5,8,500,25,0,0,,,,,,0.3045091435955672,0.0,4.5586435368289157e-05,0.0,0.0,0.13319649395317873,0.0,0.0,0.13319649395317873
naive,0.99,0.5,32,500,25,0,0,,,,,,0.3045091435955672,0.0,4.5586435368289157e-05,0.0,0.0,0.13319649395317873,0.0,0.0,0.13319649395317873
naive,0.99,0.5,128,500,25,0,0,,,,,,0.3045091435955672,0.0,4.5586435368289157e-05,0.0,0.0,0.13319649395317873,0.0,0.0,0.13319649395317873
naive,0.99,1.0,8,500,25,0,0,,,,,,0.3045091435955672,0.0,4.5586435368289157e-05,0.0,0.0,0.13319649395317873,0.0,0.0,0.13319649395317873
naive,0.99,1.0,32,500,25,0,0,,,,,,0.3045091435955672,0.0,4.5586435368289157e-05,0.0,0.0,0.13319649395317873,0.0,0.0,0.13319649395317873
naive,0.99,1.0,128,500,25,0,0,,,,,,0.3045091435955672,0.0,4.5586435368289157e-05,0.0,0.0,0.13319649395317873,0.0,0.0,0.13319649395317873
norm_betting,0.9,0.2,8,500,25,0,0,,,,,,0.3045091435955672,0.0,4.5586435368289157e-05,0.0,0.0,0.13319649395317873,0.0,0.0,0.13319649395317873
norm_betting,0.9,0.2,32,500,25,0,0,,,,,,0.3045091435955672,0.0,4.5586435368289157e-05,0.0,0.0,0.13319649395317873,0.0,0.0,0.13319649395317873
norm_betting,0.9,0.2,128,500,25,0,0,,,,,,0.3045091435955672,0.0,4.5586435368289157e-05,0.0,0.0,0.13319649395317873,0.0,0.0,0.13319649395317873
norm_betting,0.9,0.5,8,500,25,0,0,,,,,,0.3045091435955672,0.0,4.5586435368289157e-05,0.0,0.0,0.13319649395317873,0.0,0.0,0.13319649395317873
norm_betting,0.9,0.5,32,500,25,0,0,,,,,,0.3045091435955672,0.0,4.5586435368289157e-05,0.0,0.0,0.13319649395317873,0.0,0.0,0.13319649395317873
norm_betting,0.9,0.5,128,500,25,0,0,,,,,,0.3045091435955672,0.0,4.5586435368289157e-05,0.0,0.0,0.13319649395317873,0.0,0.0,0.13319649395317873
norm_betting,0.9,1.0,8,500,25,4,0,0.0014880369659709442,0.44766906841054166,7.199737635587676e-05,0.09631325444779859,0.09420886741386633,0.3274147315659631,0.0636692376812474,4.981218592630317e-05,0.16,0.06403347608577989,0.34654013980238163,0.0,0.0,0.13319649395317873
norm_betting,0.9,1.0,32,500,25,0,0,,,,,,0.3045091435955672,0.0,4.5586435368289157e-05,0.0,0.0,0.13319649395317873,0.0,0.0,0.13319649395317873
norm_betting,0.9,1.0,128,500,25,0,0,,,,,,0.3045091435955672,0.0,4.5586435368289157e-05,0.0,0.0,0.13319649395317873,0.0,0.0,0.13319649395317873
norm_betting,0.95,0.2,8,500,25,0,0,,,,,,0.3045091435955672,0.0,4.5586435368289157e-05,0.0,0.0,0.13319649395317873,0.0,0.0,0.13319649395317873
norm_betting,0.95,0.2,32,500,25,0,0,,,,,,0.3045091435955672,0.0,4.5586435368289157e-05,0.0,0.0,0.13319649395317873,0.0,0.0,0.13319649395317873
norm_betting,0.95,0.2,128,500,25,0,0,,,,,,0.3045091435955672,0.0,4.5586435368289157e-05,0.0,0.0,0.13319649395317873,0.0,0.0,0.13319649395317873
norm_betting,0.95,0.5,8,500,25,0,0,,,,,,0.3045091435955672,0.0,4.5586435368289157e-05,0.0,0.0,0.13319649395317873,0.0,0.0,0.13319649395317873
norm_betting,0.95,0.5,32,500,25,0,0,,,,,,0.3045091435955672,0.0,4.5586435368289157e-05,0.0,0.0,0.13319649395317873,0.0,0.0,0.13319649395317873
norm_betting,0.95,0.5,128,500,25,0,0,,,,,,0.3045091435955672,0.0,4.5586435368289157e-05,0.0,0.0,0.13319649395317873,0.0,0.0,0.13319649395317873
norm_betting,0.95,1.0,8,500,25,0,0,,,,,,0.3045091435955672,0.0,4.5586435368289157e-05,0.0,0.0,0.13319649395317873,0.0,0.0,0.13319649395317873
norm_betting,0.95,1.0,32,500,25,0,0,,,,,,0.3045091435955672,0.0,4.5586435368289157e-05,0.0,0.0,0.13319649395317873,0.0,0.0,0.13319649395317873
norm_betting,0.95,1.0,128,500,25,0,0,,,,,,0.3045091435955672,0.0,4.5586435368289157e-05,0.0,0.0,0.13319649395317873,0.0,0.0,0.13319649395317873
norm_betting,0.99,0.2,8,500,25,0,0,,,,,,0.3045091435955672,0.0,4.5586435368289157e-05,0.0,0.0,0.13319649395317873,0.0,0.0,0.13319649395317873
norm_betting,0.99,0.2,32,500,25,0,0,,,,,,0.3045091435955672,0.0,4.5586435368289157e-05,0.0,0.0,0.13319649395317873,0.0,0.0,0.13319649395317873
norm_betting,0.99,0.2,128,500,25,0,0,,,,,,0.3045091435955672,0.0,4.5586435368289157e-05,0.0,0.0,0.13319649395317873,0.0,0.0,0.13319649395317873
norm_betting,0.99,0.5,8,500,25,0,0,,,,,,0.3045091435955672,0.0,4.5586435368289157e-05,0.0,0.0,0.13319649395317873,0.0,0.0,0.13319649395317873
norm_betting,0.99,0.5,32,500,25,0,0,,,,,,0.3045091435955672,0.0,4.5586435368289157e-05,0.0,0.0,0.13319649395317873,0.0,0.0,0.13319649395317873
norm_betting,0.99,0.5,128,500,25,0,0,,,,,,0.3045091435955672,0.0,4.5586435368289157e-05,0.0,0.0,0.13319649395317873,0.0,0.0,0.13319649395317873
norm_betting,0.99,1.0,8,500,25,0,0,,,,,,0.3045091435955672,0.0,4.5586435368289157e-05,0.0,0.0,0.13319649395317873,0.0,0.0,0.13319649395317873
norm_betting,0.99,1.0,32,500,25,0,0,,,,,,0.3045091435955672,0.0,4.5586435368289157e-05,0.0,0.0,0.13319649395317873,0.0,0.0,0.13319649395317873
norm_betting,0.99,1.0,128,500,25,0,0,,,,,,0.3045091435955672,0.0,4.5586435368289157e-05,0.0,0.0,0.13319649395317873,0.0,0.0,0.13319649395317873
split,0.9,0.2,8,500,25,0,0,,,,,,0.3045091435955672,0.0,4.5586435368289157e-05,0.0,0.0,0.13319649395317873,0.0,0.0,0.13319649395317873
split,0.9,0.2,32,500,25,0,0,,,,,,0.3045091435955672,0.0,4.5586435368289157e-05,0.0,0.0,0.13319649395317873,0.0,0.0,0.13319649395317873
split,0.9,0.2,128,500,25,0,0,,,,,,0.3045091435955672,0.0,4.5586435368289157e-05,0.0,0.0,0.13319649395317873,0.0,0.0,0.13319649395317873
split,0.9,0.5,8,500,25,0,0,,,,,,0.3045091435955672,0.0,4.5586435368289157e-05,0.0,0.0,0.13319649395317873,0.0,0.0,0.13319649395317873
split,0.9,0.5,32,500,25,0,0,,,,,,0.3045091435955672,0.0,4.5586435368289157e-05,0.0,0.0,0.13319649395317873,0.0,0.0,0.13319649395317873
split,0.9,0.5,128,500,25,0,0,,,,,,0.3045091435955672,0.0,4.5586435368289157e-05,0.0,0.0,0.13319649395317873,0.0,0.0,0.13319649395317873
split,0.9,1.0,8,500,25,0,0,,,,,,0.3045091435955672,0.0,4.5586435368289157e-05,0.0,0.0,0.13319649395317873,0.0,0.0,0.13319649395317873
split,0.9,1.0,32,500,25,0,0,,,,,,0.3045091435955672,0.0,4.5586435368289157e-05,0.0,0.0,0.13319649395317873,0.0,0.0,0.13319649395317873
split,0.9,1.0,128,500,25,0,0,,,,,,0.3045091435955672,0.0,4.5586435368289157e-05,0.0,0.0,0.13319649395317873,0.0,0.0,0.13319649395317873
split,0.95,0.2,8,500,25,0,0,,,,,,0.3045091435955672,0.0,4.5586435368289157e-05,0.0,0.0,0.13319649395317873,0.0,0.0,0.13319649395317873
split,0.95,0.2,32,500,25,0,0,,,,,,0.3045091435955672,0.0,4.5586435368289157e-05,0.0,0.0,0.13319649395317873,0.0,0.0,0.13319649395317873
split,0.95,0.2,128,500,25,0,0,,,,,,0.3045091435955672,0.0,4.5586435368289157e-05,0.0,0.0,0.13319649395317873,0.0,0.0,0.13319649395317873
split,0.95,0.5,8,500,25,0,0,,,,,,0.3045091435955672,0.0,4.5586435368289157e-05,0.0,0.0,0.13319649395317873,0.0,0.0,0.13319649395317873
split,0.95,0.5,32,500,25,0,0,,,,,,0.3045091435955672,0.0,4.5586435368289157e-05,0.0,0.0,0.13319649395317873,0.0,0.0,0.13319649395317873
split,0.95,0.5,128,500,25,0,0,,,,,,0.3045091435955672,0.0,4.5586435368289157e-05,0.0,0.0,0.13319649395317873,0.0,0.0,0.13319649395317873
split,0.95,1.0,8,500,25,0,0,,,,,,0.3045091435955672,0.0,4.5586435368289157e-05,0.0,0.0,0.13319649395317873,0.0,0.0,0.13319649395317873
split,0.95,1.0,32,500,25,0,0,,,,,,0.3045091435955672,0.0,4.5586435368289157e-05,0.0,0.0,0.13319649395317873,0.0,0.0,0.13319649395317873
split,0.95,1.0,128,500,25,0,0,,,,,,0.3045091435955672,0.0,4.5586435368289157e-05,0.0,0.0,0.13319649395317873,0.0,0.0,0.13319649395317873
split,0.99,0.2,8,500,25,0,0,,,,,,0.3045091435955672,0.0,4.5586435368289157e-05,0.0,0.0,0.13319649395317873,0.0,0.0,0.13319649395317873
split,0.99,0.2,32,500,25,0,0,,,,,,0.3045091435955672,0.0,4.5586435368289157e-05,0.0,0.0,0.13319649395317873,0.0,0.0,0.13319649395317873
split,0.99,0.2,128,500,25,0,0,,,,,,0.3045091435955672,0.0,4.5586435368289157e-05,0.0,0.0,0.13319649395317873,0.0,0.0,0.13319649395317873
split,0.99,0.5,8,500,25,0,0,,,,,,0.3045091435955672,0.0,4.5586435368289157e-05,0.0,0.0,0.13319649395317873,0.0,0.0,0.13319649395317873
split,0.99,0.5,32,500,25,0,0,,,,,,0.3045091435955672,0.0,4.5586435368289157e-05,0.0,0.0,0.13319649395317873,0.0,0.0,0.13319649395317873
split,0.99,0.5,128,500,25,0,0,,,,,,0.3045091435955672,0.0,4.5586435368289157e-05,0.0,0.0,0.13319649395317873,0.0,0.0,0.13319649395317873
split,0.99,1.0,8,500,25,0,0,,,,,,0.3045091435955672,0.0,4.5586435368289157e-05,0.0,0.0,0.13319649395317873,0.0,0.0,0.13319649395317873
split,0.99,1.0,32,500,25,0,0,,,,,,0.3045091435955672,0.0,4.5586435368289157e-05,0.0,0.0,0.13319649395317873,0.0,0.0,0.13319649395317873
split,0.99,1.0,128,500,25,0,0,,,,,,0.3045091435955672,0.0,4.5586435368289157e-05,0.0,0.0,0.13319649395317873,0.0,0.0,0.13319649395317873
