setting,W,K,p,n_ref,lb_full,lb_cdf,cdf_eb,cdf_bet,cdf_exact,exc_eb,exc_bet,counts_exact,norm_bet,cdf_exact/counts_exact,cdf_eb/exc_eb,p/u
single,1,1,0.95,239.6585818843191,11.881027011229484,,1379.5749853743862,964.5705535206469,529.906136235684,1379.5749853743862,964.5705535206469,529.906136235684,964.5705535206469,1.0,1.0,18.999999999999982
single,2,1,0.95,479.3171637686382,23.76205402245897,,27601.698964211664,31341.530948961063,14468.414433970504,2773.4481707167924,1982.7837758471935,1059.001446315439,1944.4989876359366,13.66231791685474,9.952123589559655,18.999999999999982
single,5,1,0.95,1198.2929094215954,59.40513505614742,,103499.70341587145,123489.25595553924,55105.0553662943,6941.0736998825905,5142.370352666649,2681.014083054624,4984.671521548813,20.55381048334895,14.911194995325028,18.999999999999982
single,10,1,0.95,2396.5858188431907,118.81027011229484,,234335.90184255884,272838.48016850394,115405.15680550033,14125.38615891017,9816.666423898676,5351.986775853589,9313.517079973595,21.5630496932785,16.589698802304373,18.999999999999982
single,20,1,0.95,4793.1716376863815,237.6205402245897,,492790.23384570517,563616.1055839721,258762.53731409126,28485.586402503715,19994.267902406522,10531.209640996301,19052.438773833597,24.571017588214218,17.299634519807245,18.999999999999982
single,32,1,0.95,7669.074620298211,380.1928643593435,,805804.8513969582,932384.6578383003,401926.50518578565,44955.00004928972,32242.978159400933,17463.65197333127,31466.073612874756,23.015031781414752,17.92469915500956,18.999999999999982
two_action,2,2,0.8,147.55517816455747,5.940513505614749,47.524108044918,2176.4951600252484,2228.7194665251313,1043.4898898519266,788.1115058636453,549.9453463717732,288.924137437249,516.5340811620299,3.611639716597097,2.7616589071874476,4.000000000000001
two_action,2,2,0.9,295.11035632911495,11.881027011229499,213.85848620213105,7996.169107303583,9127.19575317305,4185.413261348274,1565.4671670370597,1099.9410726971403,609.9697381788092,1057.5680956302872,6.861673619817093,5.107848491283169,9.000000000000002
two_action,2,2,0.95,590.2207126582293,23.76205402245897,902.95805285344,30164.990825169778,36581.01944528126,16699.46441391238,3139.42936760113,2181.008873466004,1309.984761418557,2156.1068793344057,12.747831047919105,9.60843111696415,18.999999999999982
two_action,2,2,0.98,1475.551781645573,59.40513505614742,5821.703235502442,189502.06159336652,226748.4199548506,109651.02374951485,7775.527933581299,5530.735734967875,3236.828972063397,5440.911313035112,33.87606348555855,24.37160064398155,48.99999999999996
two_action,2,2,0.99,2951.103563291146,118.81027011229484,23524.433482234355,739916.8754422682,921722.82631759,420704.72225248255,15593.750826214835,11231.15137443508,6836.071054750736,11318.5686529229,61.54188844484191,47.449576672623586,98.99999999999991
two_action,2,2,0.995,5902.207126582292,237.6205402245897,94572.9750093866,2843850.173085684,3674664.423352452,1607131.8013365003,31316.032473819927,22832.33755235468,12934.148310664883,22902.180184694735,124.25493837977224,90.81131766813472,198.99999999999983
vary_K,32,2,0.9,4721.765701265839,190.09643217967198,3421.7357792340968,222128.58767567153,269612.55252264213,121561.74606688558,24896.519147593648,18592.81898320057,9849.242745916057,16889.562517314,12.34224287113754,8.922074060186088,9.000000000000002
vary_K,32,2,0.99,47217.65701265834,1900.9643217967175,376390.9357157497,22573828.238944992,28156594.790060658,12721124.433290511,251979.36754435976,179017.88604688755,106503.77296535745,176756.36726101846,119.44294628349289,89.5860183273576,98.99999999999991
vary_K,32,4,0.9,5608.99409238257,190.09643217967198,3421.7357792340968,256878.90644807764,304990.328585497,149514.00246525573,28221.80712233755,19859.462822749152,11751.717556734815,19171.82498734772,12.722736207999695,9.102142372901348,9.000000000000002
vary_K,32,4,0.99,56089.94092382563,1900.9643217967175,376390.9357157497,25228923.253193483,32088825.413040888,15266841.408068858,288044.87148851145,208793.47337120125,127591.85795797447,207269.17679182734,119.65372753720202,87.58678161086345,98.99999999999991
vary_K,32,8,0.9,6496.2224834993,190.09643217967198,3421.7357792340968,286154.5469630952,346040.95908158185,167218.36006388886,30552.060615755563,21652.07460761312,13519.348440945218,20682.25519699434,12.368817979233741,9.366129197044293,9.000000000000002
vary_K,32,8,0.99,64962.22483499292,1900.9643217967175,376390.9357157497,28027550.114371486,36019285.53809817,18018563.895696815,306829.7166871962,221971.0907403728,146912.68480815363,218662.08082920156,122.64811523406853,91.34561807435601,98.99999999999991
vary_K,32,16,0.9,7383.45087461603,190.09643217967198,3421.7357792340968,306672.29389284825,375306.1983366286,186482.76429927268,34412.53948585947,24453.019237192773,15184.900152033173,23454.838347519937,12.280802799635378,8.911643792486272,9.000000000000002
vary_K,32,16,0.99,73834.50874616021,1900.9643217967175,376390.9357157497,29646014.414841175,40144611.727956004,20259092.66691941,345384.2867844866,244637.15526877626,163354.5207279539,240724.9121360347,124.01917361478071,85.83486727449109,98.99999999999991
vary_K,32,32,0.9,8270.67926573276,194.08121055678473,3493.461790022126,322275.4920339012,402537.0090506474,212106.7177867351,38323.8033843046,25682.865956331625,16541.68689989985,25038.31172680917,12.822556675765593,8.409277357003877,9.000000000000002
vary_K,32,32,0.99,82706.7926573275,1940.812105567845,384280.796902433,32415155.692469493,43759659.73913652,21902009.3085345,380728.11471237044,256352.85213074725,185405.61723506774,256505.6191442842,118.13023593975522,85.13990545972221,98.99999999999991
vary_p,32,8,0.8,3248.11124174965,95.04821608983599,760.385728718688,68726.86497349916,80842.39093192696,37306.65174240778,15225.216017938625,11048.102008388803,6258.9320870464535,10143.683891266628,5.96054586047003,4.514015754687745,4.000000000000001
vary_p,32,8,0.95,12992.444966998584,380.1928643593435,14447.32884565504,1092658.3734831999,1403925.3087257505,713213.9839893306,61172.985793586275,44361.15908708817,28820.874189289945,42717.879128103916,24.746438269189152,17.861779334592498,18.999999999999982
vary_p,32,8,0.98,32481.11241749646,950.4821608983588,93147.25176803907,6724104.625514869,8705824.780084658,4410715.91009948,154549.54977803509,110609.73215286162,72805.21064238851,109342.5756832796,60.582420834745605,43.50775938960718,48.99999999999996
