method,p,eps,K,n50,n50_at_min_n,n90,n90_at_min_n,max_false_rate
cdf_empbernstein,0.9,0.2,8,9506.912211368886,False,13031.545316831694,False,0.0
cdf_empbernstein,0.9,0.2,32,5284.821321699012,False,6515.162355687496,False,0.0
cdf_empbernstein,0.9,0.2,128,6387.002169666026,False,7050.193535241572,False,0.0
cdf_empbernstein,0.9,0.5,8,4344.983471922162,False,6396.941867137127,False,0.0
cdf_empbernstein,0.9,0.5,32,3472.5016497290176,False,4441.833357487496,False,0.0
cdf_empbernstein,0.9,0.5,128,4067.616544748457,False,5207.734843520723,False,0.0
cdf_empbernstein,0.9,1.0,8,4571.406530753736,False,7055.999999999996,False,0.0
cdf_empbernstein,0.9,1.0,32,4870.307870645051,False,7329.45493598916,False,0.0
cdf_empbernstein,0.9,1.0,128,4378.3428518972105,False,6514.266625262204,False,0.0
cdf_empbernstein,0.95,0.2,8,28068.81989410757,False,41541.99621278542,False,0.0
cdf_empbernstein,0.95,0.2,32,12139.278863421076,False,13662.53452005451,False,0.0
cdf_empbernstein,0.95,0.2,128,14673.71840602184,False,16615.247204988522,False,0.0
cdf_empbernstein,0.95,0.5,8,12902.390571528458,False,20004.015526312352,False,0.0
cdf_empbernstein,0.95,0.5,32,8978.888703198169,False,12668.096900266286,False,0.0
cdf_empbernstein,0.95,0.5,128,10504.222052399324,False,14015.303608211738,False,0.0
cdf_empbernstein,0.95,1.0,8,15079.283816714988,False,27068.66552288555,False,0.0
cdf_empbernstein,0.95,1.0,32,15479.587494360188,False,26731.80851855981,False,0.0
cdf_empbernstein,0.95,1.0,128,14292.79762830171,False,20744.318307275316,False,0.0
cdf_empbernstein,0.99,0.2,8,,False,,False,0.0
cdf_empbernstein,0.99,0.2,32,89995.44730487662,False,119663.70499088187,False,0.0
cdf_empbernstein,0.99,0.2,128,107718.4278384256,False,141315.8466619157,False,0.0
cdf_empbernstein,0.99,0.5,8,246060.2109793251,False,,False,0.0
cdf_empbernstein,0.99,0.5,32,120572.9051060016,False,184919.24212216903,False,0.0
cdf_empbernstein,0.99,0.5,128,135596.33959771058,False,208935.0233360832,False,0.0
cdf_empbernstein,0.99,1.0,8,293703.9957642164,False,,False,0.0
cdf_empbernstein,0.99,1.0,32,296814.9971167943,False,,False,0.0
cdf_empbernstein,0.99,1.0,128,250461.29243271585,False,,False,0.0
cdf_pacbayes,0.9,0.2,8,40702.09359380853,False,56609.06024444594,False,0.0
cdf_pacbayes,0.9,0.2,32,43515.23868984149,False,58777.19946299689,False,0.0
cdf_pacbayes,0.9,0.2,128,50013.13950974295,False,61930.85583502274,False,0.0
cdf_pacbayes,0.9,0.5,8,15962.88478583348,False,21717.705090526604,False,0.0
cdf_pacbayes,0.9,0.5,32,16814.6235213376,False,22496.10257826285,False,0.0
cdf_pacbayes,0.9,0.5,128,19100.352686181726,False,25144.04656868414,False,0.0
cdf_pacbayes,0.9,1.0,8,7533.418218681063,False,12332.12749555948,False,0.0
cdf_pacbayes,0.9,1.0,32,7358.708905522792,False,11499.072057280038,False,0.0
cdf_pacbayes,0.9,1.0,128,8551.071390969384,False,13418.30758695908,False,0.0
cdf_pacbayes,0.95,0.2,8,158236.18894148886,False,213431.21952327088,False,0.0
cdf_pacbayes,0.95,0.2,32,164701.73499752715,False,220550.0936070803,False,0.0
cdf_pacbayes,0.95,0.2,128,188312.6039912959,False,233721.14461030945,False,0.0
cdf_pacbayes,0.95,0.5,8,60987.98744915299,False,82327.13246900369,False,0.0
cdf_pacbayes,0.95,0.5,32,64653.47515881306,False,83462.0689176406,False,0.0
cdf_pacbayes,0.95,0.5,128,71672.42876690842,False,95127.91602526107,False,0.0
cdf_pacbayes,0.95,1.0,8,28735.676995508747,False,46575.67182742381,False,0.0
cdf_pacbayes,0.95,1.0,32,26912.265091644214,False,43380.21232227985,False,0.0
cdf_pacbayes,0.95,1.0,128,32696.189714176107,False,48663.81991692636,False,0.0
cdf_pacbayes,0.99,0.2,8,,False,,False,0.0
cdf_pacbayes,0.99,0.2,32,,False,,False,0.0
cdf_pacbayes,0.99,0.2,128,,False,,False,0.0
cdf_pacbayes,0.99,0.5,8,,False,,False,0.0
cdf_pacbayes,0.99,0.5,32,,False,,False,0.0
cdf_pacbayes,0.99,0.5,128,,False,,False,0.0
cdf_pacbayes,0.99,1.0,8,,False,,False,0.0
cdf_pacbayes,0.99,1.0,32,,False,,False,0.0
cdf_pacbayes,0.99,1.0,128,,False,,False,0.0
exc_betting,0.9,0.2,8,2615.0793487005326,False,2856.296287361125,False,0.0
exc_betting,0.9,0.2,32,3260.184043884637,False,3560.6520033813413,False,0.0
exc_betting,0.9,0.2,128,4064.7213926664094,False,4439.911391127656,False,0.0
exc_betting,0.9,0.5,8,1081.9205146405172,False,1181.6602284162,False,0.0
exc_betting,0.9,0.5,32,1348.7950177843927,False,1473.1574557804502,False,0.0
exc_betting,0.9,0.5,128,1681.7455217719485,False,1836.997335272228,False,0.0
exc_betting,0.9,1.0,8,559.1630954737317,False,611.4955449187486,False,0.0
exc_betting,0.9,1.0,32,696.5287428981627,False,761.5524848577456,False,0.0
exc_betting,0.9,1.0,128,867.7055952337748,False,947.8366580159592,False,0.0
exc_betting,0.95,0.2,8,5068.155581668739,False,5535.562298940035,False,0.0
exc_betting,0.95,0.2,32,6319.0113150713605,False,6902.027483641109,False,0.0
exc_betting,0.95,0.2,128,7878.55519749656,False,8605.121168292042,False,0.0
exc_betting,0.95,0.5,8,2097.206713702777,False,2290.8558393864496,False,0.0
exc_betting,0.95,0.5,32,2615.0793487005326,False,2856.296287361125,False,0.0
exc_betting,0.95,0.5,128,3260.184043884637,False,3560.6520033813413,False,0.0
exc_betting,0.95,1.0,8,1081.9205146405172,False,1181.6602284162,False,0.0
exc_betting,0.95,1.0,32,1348.7950177843927,False,1473.1574557804502,False,0.0
exc_betting,0.95,1.0,128,1681.7455217719485,False,1836.997335272228,False,0.0
exc_betting,0.99,0.2,8,23737.9665093706,False,25927.703849100963,False,0.0
exc_betting,0.99,0.2,32,29596.34744356133,False,32326.09580844988,False,0.0
exc_betting,0.99,0.2,128,36900.79386679912,False,40304.97394063668,False,0.0
exc_betting,0.99,0.5,8,9822.703090290364,False,10728.72606859252,False,0.0
exc_betting,0.99,0.5,32,12247.382087613658,False,13377.529800046885,False,0.0
exc_betting,0.99,0.5,128,15270.542753942967,False,16679.02955212993,False,0.0
exc_betting,0.99,1.0,8,5068.155581668739,False,5535.562298940035,False,0.0
exc_betting,0.99,1.0,32,6319.0113150713605,False,6902.027483641109,False,0.0
exc_betting,0.99,1.0,128,7878.55519749656,False,8605.121168292042,False,0.0
exc_empbernstein,0.9,0.2,8,3260.184043884637,False,3560.6520033813413,False,0.0
exc_empbernstein,0.9,0.2,32,4064.7213926664094,False,4439.911391127656,False,0.0
exc_empbernstein,0.9,0.2,128,5068.155581668739,False,5535.562298940035,False,0.0
exc_empbernstein,0.9,0.5,8,1351.317689217843,False,1478.1206486761637,False,0.0
exc_empbernstein,0.9,0.5,32,1681.7455217719485,False,1836.997335272228,False,0.0
exc_empbernstein,0.9,0.5,128,2097.206713702777,False,2290.8558393864496,False,0.0
exc_empbernstein,0.9,1.0,8,719.5368299666887,False,900.235616089127,False,0.0
exc_empbernstein,0.9,1.0,32,881.2891218005102,False,1010.2697453850096,False,0.0
exc_empbernstein,0.9,1.0,128,1090.014371392482,False,1197.6198386502272,False,0.0
exc_empbernstein,0.95,0.2,8,6319.0113150713605,False,6902.027483641109,False,0.0
exc_empbernstein,0.95,0.2,32,7878.55519749656,False,8605.121168292042,False,0.0
exc_empbernstein,0.95,0.2,128,9822.703090290364,False,10728.72606859252,False,0.0
exc_empbernstein,0.95,0.5,8,2617.994254324734,False,2862.029644099219,False,0.0
exc_empbernstein,0.95,0.5,32,3261.385845233801,False,3563.0149648313177,False,0.0
exc_empbernstein,0.95,0.5,128,4064.7213926664094,False,4439.911391127656,False,0.0
exc_empbernstein,0.95,1.0,8,1358.319891580525,False,1491.9358910036244,False,0.0
exc_empbernstein,0.95,1.0,32,1688.825614024521,False,1850.9414258237207,False,0.0
exc_empbernstein,0.95,1.0,128,2101.937130462138,False,2300.1652037718536,False,0.0
exc_empbernstein,0.99,0.2,8,36900.79386679912,False,40304.97394063668,False,0.0
exc_empbernstein,0.99,0.2,32,46008.40240651698,False,50252.23392945319,False,0.0
exc_empbernstein,0.99,0.2,128,46008.40240651698,False,50252.23392945319,False,0.0
exc_empbernstein,0.99,0.5,8,12247.382087613658,False,13377.529800046885,False,0.0
exc_empbernstein,0.99,0.5,32,15270.542753942967,False,16679.02955212993,False,0.0
exc_empbernstein,0.99,0.5,128,19039.09685357999,False,20795.2207133905,False,0.0
exc_empbernstein,0.99,1.0,8,6319.0113150713605,False,6902.027483641109,False,0.0
exc_empbernstein,0.99,1.0,32,7878.55519749656,False,8605.121168292042,False,0.0
exc_empbernstein,0.99,1.0,128,9822.703090290364,False,10728.72606859252,False,0.0
exceedance,0.9,0.2,8,5068.155581668739,False,5535.562298940035,False,0.0
exceedance,0.9,0.2,32,5068.155581668739,False,5535.562298940035,False,0.0
exceedance,0.9,0.2,128,6319.0113150713605,False,6902.027483641109,False,0.0
exceedance,0.9,0.5,8,2021.4330196853248,False,2274.057196204902,False,0.0
exceedance,0.9,0.5,32,2097.9812025037736,False,2292.378868886446,False,0.0
exceedance,0.9,0.5,128,2615.0793487005326,False,2856.296287361125,False,0.0
exceedance,0.9,1.0,8,896.7998710599992,False,1097.588314391855,False,0.0
exceedance,0.9,1.0,32,1083.9437319702872,False,1185.6407226473002,False,0.0
exceedance,0.9,1.0,128,1348.7950177843927,False,1473.1574557804502,False,0.0
exceedance,0.95,0.2,8,9822.703090290364,False,10728.72606859252,False,0.0
exceedance,0.95,0.2,32,9822.703090290364,False,10728.72606859252,False,0.0
exceedance,0.95,0.2,128,12247.382087613658,False,13377.529800046885,False,0.0
exceedance,0.95,0.5,8,4064.7213926664094,False,4439.911391127656,False,0.0
exceedance,0.95,0.5,32,4064.7213926664094,False,4439.911391127656,False,0.0
exceedance,0.95,0.5,128,5068.155581668739,False,5535.562298940035,False,0.0
exceedance,0.95,1.0,8,1700.9627263294597,False,1874.954171342081,False,0.0
exceedance,0.95,1.0,32,2097.206713702777,False,2290.8558393864496,False,0.0
exceedance,0.95,1.0,128,2615.0793487005326,False,2856.296287361125,False,0.0
exceedance,0.99,0.2,8,46008.40240651698,False,50252.23392945319,False,0.0
exceedance,0.99,0.2,32,57363.25824079383,False,62654.593731183726,False,0.0
exceedance,0.99,0.2,128,57363.25824079383,False,62654.593731183726,False,0.0
exceedance,0.99,0.5,8,19039.09685357999,False,20795.2207133905,False,0.0
exceedance,0.99,0.5,32,23737.9665093706,False,25927.703849100963,False,0.0
exceedance,0.99,0.5,128,23737.9665093706,False,25927.703849100963,False,0.0
exceedance,0.99,1.0,8,9822.703090290364,False,10728.72606859252,False,0.0
exceedance,0.99,1.0,32,9822.703090290364,False,10728.72606859252,False,0.0
exceedance,0.99,1.0,128,12247.382087613658,False,13377.529800046885,False,0.0
naive,0.9,0.2,8,3910.125743924197,False,4405.6124521096,False,0.0
naive,0.9,0.2,32,3420.4272883251565,False,4220.4463200896325,False,0.0
naive,0.9,0.2,128,3415.3026991490847,False,4213.550738891422,False,0.0
naive,0.9,0.5,8,1367.2992784383316,False,1536.5280128979305,False,0.0
naive,0.9,0.5,32,1352.3522266188904,False,1480.158179044609,False,0.0
naive,0.9,0.5,128,1351.8330995378624,False,1479.1355978369909,False,0.0
naive,0.9,1.0,8,719.5368299666887,False,881.5005648906338,False,0.0
naive,0.9,1.0,32,706.9871235274466,False,813.9750126840528,False,0.0
naive,0.9,1.0,128,704.024021642137,False,776.366920383956,False,0.0
naive,0.95,0.2,8,7878.55519749656,False,8605.121168292042,False,0.0
naive,0.95,0.2,32,7878.55519749656,False,8605.121168292042,False,0.0
naive,0.95,0.2,128,7878.55519749656,False,8605.121168292042,False,0.0
naive,0.95,0.5,8,2737.5814639524315,False,3376.525748256749,False,0.0
naive,0.95,0.5,32,2655.971253675081,False,3044.330249130116,False,0.0
naive,0.95,0.5,128,2652.205487755129,False,2996.7040530731347,False,0.0
naive,0.95,1.0,8,1358.319891580525,False,1491.9358910036244,False,0.0
naive,0.95,1.0,32,1352.875110771562,False,1481.1884784622305,False,0.0
naive,0.95,1.0,128,1352.875110771562,False,1481.1884784622305,False,0.0
naive,0.99,0.2,8,36900.79386679912,False,40304.97394063668,False,0.0
naive,0.99,0.2,32,36900.79386679912,False,40304.97394063668,False,0.0
naive,0.99,0.2,128,36900.79386679912,False,40304.97394063668,False,0.0
naive,0.99,0.5,8,15270.542753942967,False,16679.02955212993,False,0.0
naive,0.99,0.5,32,15270.542753942967,False,16679.02955212993,False,0.0
naive,0.99,0.5,128,15270.542753942967,False,16679.02955212993,False,0.0
naive,0.99,1.0,8,7878.55519749656,False,8605.121168292042,False,0.0
naive,0.99,1.0,32,7878.55519749656,False,8605.121168292042,False,0.0
naive,0.99,1.0,128,7878.55519749656,False,8605.121168292042,False,0.0
split,0.9,0.2,8,25714.11053282413,False,39775.00147379419,False,0.0
split,0.9,0.2,32,15270.542753942967,False,37024.34088030782,False,0.0
split,0.9,0.2,128,36451.30486487463,False,61402.837611513896,False,0.0
split,0.9,0.5,8,10873.53757152735,False,15979.97519301437,False,0.0
split,0.9,0.5,32,5421.455533865814,False,15017.498503154133,False,0.0
split,0.9,0.5,128,14246.169989699103,False,24848.76281504482,False,0.0
split,0.9,1.0,8,5080.060322765241,False,8371.147369322227,False,0.0
split,0.9,1.0,32,3309.097670989397,False,7936.684491189096,False,0.0
split,0.9,1.0,128,7399.242369870243,False,12247.382087613658,False,0.0
split,0.95,0.2,8,54423.90857338336,False,90213.38311598694,False,0.0
split,0.95,0.2,32,42610.53254924038,False,85323.57940789557,False,0.0
split,0.95,0.2,128,82470.76492528013,False,143058.25098617325,False,0.0
split,0.95,0.5,8,20658.07000726501,False,33339.90315520536,False,0.0
split,0.95,0.5,32,17838.98345929159,False,31881.494392129425,False,0.0
split,0.95,0.5,128,32731.608762133827,False,56422.06524406705,False,0.0
split,0.95,1.0,8,10798.553730746058,False,16735.241858717884,False,0.0
split,0.95,1.0,32,9177.107593225664,False,15951.071307435135,False,0.0
split,0.95,1.0,128,15727.929257627078,False,28258.79042013906,False,0.0
split,0.99,0.2,8,,False,,False,0.0
split,0.99,0.2,32,,False,,False,0.0
split,0.99,0.2,128,,False,,False,0.0
split,0.99,0.5,8,144347.94726259293,False,232706.05090518092,False,0.0
split,0.99,0.5,32,135136.96734520537,False,230230.5066144672,False,0.0
split,0.99,0.5,128,272769.86393387656,False,,False,0.0
split,0.99,1.0,8,73200.63596196256,False,118668.00188545596,False,0.0
split,0.99,1.0,32,68938.98717058985,False,118133.77155800122,False,0.0
split,0.99,1.0,128,137237.64209975972,False,195022.81382212447,False,0.0
