p,list,K,distinct,lower_bound,eb_sufficient,cdf_eb,cdf_exact,exc_eb,exc_bet,counts_exact,norm_bet
0.9,K2,2,2,148.51283764036873,140224.85230956424,112222.58127808484,64412.99111970844,15372.015287131071,14732.482266154379,7133.430416524117,14018.637574541994
0.9,K5,5,5,148.51283764036873,169546.15572953722,131362.3833705365,79290.94635155413,17741.651945059995,17504.6439086751,8727.157482466719,16575.840936719353
0.9,K10,10,10,148.51283764036873,191726.86550745548,144306.2833405511,89469.16859617791,19707.632973379135,19209.749929544625,9998.718645614059,17878.024779804582
0.9,K25,25,25,148.51283764036873,221048.16892742843,159822.4732096301,102706.08491942573,22128.951157101175,21917.216710953326,11272.279021996888,20521.71076362014
0.9,K50,50,50,176.7295952703367,243228.87870534672,171763.8238468854,118137.79741026646,23833.09816545753,23735.340866197614,12599.423614158733,21751.402600125963
0.9,K125,125,125,228.27094893825796,272550.1821253197,188569.63324564352,131130.6156731684,26549.24488034262,26271.34293955688,14334.595778413688,24211.454116038352
0.9,dup125,125,5,148.51283764036873,272550.1821253197,187915.1582154019,128045.44218902441,26200.351573965832,25664.5952561502,14244.00000000001,23456.83940960658
0.95,K2,2,2,297.0256752807371,280449.70461912814,457567.22314537835,262826.4027393866,31333.90442725972,30272.546075369926,13997.864574854631,28499.316717025376
0.95,K5,5,5,297.0256752807371,339092.31145907403,525780.7470567432,321311.18781175365,34581.498942694685,33747.38748912396,18484.35617759077,33029.70137480316
0.95,K10,10,10,297.0256752807371,383453.7310149105,573601.6128999525,369336.62088392966,39478.6815052195,38995.57453845967,21224.600202056034,37901.53706511837
0.95,K25,25,25,297.0256752807371,442096.33785485633,650413.6411938523,445934.2428939102,44681.860952596166,44554.91022620907,24012.694327438112,43176.08940407067
0.95,K50,50,50,353.4591905406729,486457.75741069287,692902.8695687018,492543.27548828046,48520.43338000085,47659.33742070501,26430.521250038713,45276.71986847161
0.95,K125,125,125,456.54189787651535,545100.3642506388,756653.5074692495,529392.2581672416,52106.81000424957,51736.24916880696,29410.79822387122,50105.56545275875
0.95,dup125,125,5,297.0256752807371,545100.3642506388,758711.5799086082,543509.6085433428,53359.814785482435,52810.04863368863,30627.99492826926,50543.017445319
