p,rel_margin,method,tail-aware,target,uniform,target/tail
0.9,0.1,exc_betting,12839.007518965958,17098.59920654739,65173.057093784344,1.3317695453709413
0.9,0.1,exc_empbernstein,15152.26221726802,15591.958709715416,63343.49056239044,1.029018537703651
0.9,0.1,exceedance,42607.99951711633,26081.39928490182,144846.5014016643,0.6121244738191591
0.9,0.2,exc_betting,3162.8858730444035,3619.238464320465,18079.623198922352,1.1442836098404032
0.9,0.2,exc_empbernstein,4080.522562165353,3876.495094200398,19097.565721283456,0.9499996716458083
0.9,0.2,exceedance,9849.062696131896,6095.382910014693,37663.842117894375,0.6188794911833168
0.9,0.3,exc_betting,1360.6026024733296,1538.0317552110403,8649.694709134817,1.130404831223442
0.9,0.3,exc_empbernstein,1990.2827418813688,1780.2608845372972,10498.748165234576,0.8944763711584302
0.9,0.3,exceedance,3725.2137388125548,2871.597074369739,16510.00000000001,0.7708543121837316
0.95,0.1,exc_betting,27765.002775916837,34170.58660831697,113987.34428862856,1.2307071201864344
0.95,0.1,exc_empbernstein,28603.713949469908,32222.653572168627,114236.04696441225,1.1265199207729382
0.95,0.1,exceedance,85649.54106998838,53772.537350787235,290657.6247562343,0.6278204959305864
0.95,0.2,exc_betting,6152.20616199402,7450.7228214615025,30894.169418426038,1.2110652057613451
0.95,0.2,exc_empbernstein,7733.514998025231,7708.8238540691955,33175.69234398314,0.996807254662034
0.95,0.2,exceedance,19199.148803555774,13687.297411629695,69626.24608323294,0.7129116791414598
0.95,0.3,exc_betting,2673.9585982350477,3256.0413570050323,14671.574719645821,1.2176857783640291
0.95,0.3,exc_empbernstein,3931.3117796509437,3696.8961181963437,18119.300623237177,0.9403721519448113
0.95,0.3,exceedance,7644.257971174886,5790.610363907163,32775.13489999899,0.7575111130135205
0.95,0.5,exc_betting,882.6509438435205,951.2126753986519,5672.008426301075,1.0776770613948228
0.95,0.5,exc_empbernstein,1412.705821509708,1405.44588827409,8459.060948944683,0.9948609730879007
0.95,0.5,exceedance,2161.7107870198224,1971.7750034049163,11832.57311243042,0.9121363575759571
