p,rel_margin,method,on-policy,tail-aware,uniform,on/tail
0.9,0.1,exc_betting,12738.480529808305,3452.3474193855036,7810.515069681575,3.689802613224736
0.9,0.1,exc_empbernstein,12475.173816626346,6425.412701295454,13498.254543257985,1.9415365824067883
0.9,0.1,exceedance,25357.13821647747,66790.80539403165,81791.57424601869,0.3796501339800187
0.9,0.2,exc_betting,3267.7360810546547,1414.631642081317,2478.8503200979003,2.309955456847342
0.9,0.2,exc_empbernstein,3486.6608325452826,2550.5411933307346,4641.403035173577,1.367027845565621
0.9,0.2,exceedance,6502.28347135066,15646.93529014165,20371.72611582231,0.4155627508376943
0.9,0.5,exc_betting,350.48077818601,410.481202452612,785.3535725432054,0.8538290574377063
0.9,0.5,exc_empbernstein,590.2946338505279,656.1798413609431,1342.0583732114112,0.8995927589397342
0.9,0.5,exceedance,891.6159031234165,1762.6851407945549,3262.7871308523427,0.5058282290401043
0.95,0.1,exc_betting,26959.999999999985,4476.971099281752,9978.096046748487,6.021928532066071
0.95,0.1,exc_empbernstein,25880.547202514987,7868.6708671376455,19417.668935198497,3.289062109663439
0.95,0.1,exceedance,49556.091988017775,87737.1751541695,165945.87919777722,0.5648243392944791
0.95,0.2,exc_betting,6257.377358198299,1799.5322878741215,3778.294044848982,3.4772242767538533
0.95,0.2,exc_empbernstein,6898.542384183207,3159.4311043110106,7459.679430969219,2.1834761247903836
0.95,0.2,exceedance,11882.088469281276,20381.779685347814,42093.01639287094,0.5829760037011463
0.95,0.5,exc_betting,592.7103353348715,548.5891294446791,1403.1900097031676,1.080426686425331
0.95,0.5,exc_empbernstein,1076.9668268767518,858.3701953859072,2291.558146024156,1.2546647503208888
0.95,0.5,exceedance,1733.0492953214798,2432.2175235734526,6114.7653968191125,0.7125387752223972
